cibil_score,loan_amount,loan_term,self_employed,loan_status
778,29900000,12,0,1
417,12200000,8,1,0
506,29700000,20,0,0
467,30700000,8,0,0
382,24200000,20,1,0
319,13500000,10,1,0
678,33000000,4,0,1
382,15000000,20,1,0
782,2200000,20,1,1
388,4300000,10,0,0
547,11200000,2,1,1
538,22700000,18,1,0
311,11600000,16,1,0
679,31500000,14,1,1
469,7400000,6,0,0
794,10700000,10,0,1
663,1600000,4,1,1
780,9400000,14,1,1
736,10300000,10,0,1
652,14600000,12,0,1
315,19400000,12,0,0
530,14000000,16,0,0
311,25700000,18,1,0
551,1400000,2,1,1
324,9800000,16,0,0
514,9500000,20,0,0
696,28100000,12,0,1
662,5600000,4,1,1
336,24000000,6,1,0
850,31500000,10,1,1
313,25300000,12,0,0
363,12000000,6,0,0
436,1600000,10,1,0
830,22000000,2,1,1
612,11900000,8,0,1
691,3400000,8,1,1
636,6200000,18,0,1
348,27200000,6,1,0
830,7700000,16,0,1
352,5100000,6,1,0
712,18100000,2,0,1
822,24900000,16,0,1
540,3400000,6,0,0
342,2300000,12,1,0
787,13400000,18,0,1
331,27800000,16,0,0
679,14600000,6,1,1
677,19100000,14,1,1
634,20500000,12,0,1
662,19100000,16,1,1
502,25400000,16,0,0
435,24700000,10,0,0
689,7600000,4,0,1
657,23000000,12,1,1
590,19700000,20,1,1
818,24500000,12,0,1
431,10600000,18,0,0
841,30500000,18,1,1
421,18400000,20,0,0
797,18200000,16,1,1
478,18900000,18,0,0
669,30500000,18,1,1
365,28900000,6,1,0
586,7500000,20,1,1
784,12300000,18,1,1
364,10300000,12,0,0
715,29100000,10,0,1
693,10100000,20,1,0
777,12400000,4,0,1
312,5000000,12,0,0
340,1500000,20,1,0
386,18600000,4,1,1
418,18300000,4,0,0
735,16700000,16,1,1
494,8400000,6,0,0
671,6500000,18,0,1
697,14800000,16,0,1
801,33500000,8,0,1
576,29400000,12,0,1
639,1400000,14,0,1
470,8900000,4,0,0
826,31200000,4,0,1
363,21200000,16,1,0
613,8600000,20,0,1
713,8200000,16,1,1
439,21200000,16,0,0
387,3800000,18,1,0
402,28300000,8,1,0
837,8000000,6,1,1
641,37600000,10,0,1
489,21100000,18,0,0
540,20700000,18,0,0
844,8900000,4,0,1
452,6400000,10,0,0
366,2000000,10,0,0
300,1100000,2,0,1
470,15000000,18,1,0
861,25000000,20,0,1
562,29400000,12,0,1
463,10800000,14,0,0
478,900000,12,0,0
702,1100000,2,1,1
618,12900000,20,1,1
633,4500000,12,0,1
331,23600000,10,1,0
841,9700000,16,1,1
764,18100000,12,1,1
591,10600000,6,0,1
719,35900000,2,1,1
317,6800000,14,0,0
778,1100000,8,0,1
302,18200000,14,1,0
502,19700000,8,0,0
879,22100000,18,1,1
437,23400000,14,0,0
797,10800000,12,1,1
456,23200000,18,1,0
647,1600000,6,0,1
379,15800000,12,0,0
717,32900000,2,1,1
545,2300000,16,0,0
317,3200000,8,0,0
570,32900000,10,0,1
865,18700000,18,1,1
719,19500000,14,0,1
821,600000,16,0,1
859,800000,10,1,1
395,18200000,10,0,0
429,2600000,12,1,0
861,1200000,12,0,1
565,20800000,14,1,1
357,22600000,10,0,0
465,3600000,18,1,0
479,13900000,8,1,0
717,5500000,16,0,1
425,5500000,12,0,0
786,16700000,2,0,1
382,6700000,6,1,0
564,8500000,12,1,1
501,700000,8,0,0
727,9400000,10,1,1
894,7500000,6,0,1
829,16700000,18,1,1
506,17400000,20,0,0
802,32100000,6,1,1
543,1500000,14,0,0
772,3200000,20,1,1
572,11100000,12,0,1
709,11900000,16,1,1
402,6200000,18,0,0
481,19300000,8,1,0
772,28800000,6,1,1
306,20600000,2,1,1
415,4500000,6,0,0
548,35000000,16,0,0
701,11200000,8,0,1
890,7700000,12,0,1
364,33300000,6,1,0
704,1300000,20,1,1
318,10600000,10,1,0
761,9600000,2,0,1
693,15100000,6,0,1
524,20600000,16,0,0
681,5300000,10,1,1
737,22300000,18,1,1
638,15900000,16,0,1
656,12800000,2,0,1
540,6500000,6,0,0
341,35200000,6,1,0
371,17500000,2,1,1
886,10500000,12,1,1
801,4100000,18,0,1
748,9500000,16,1,1
376,28200000,8,1,0
371,14300000,8,1,0
826,5300000,6,0,1
873,27200000,12,0,1
309,8600000,8,1,0
869,13300000,20,0,1
534,13900000,12,0,0
787,17900000,6,1,1
566,2200000,16,1,1
742,9900000,8,0,1
824,23100000,4,0,1
575,3100000,14,0,1
766,10900000,10,1,1
888,5000000,10,1,1
638,30400000,6,1,1
622,23300000,6,1,1
458,19800000,18,0,0
327,28200000,16,0,0
612,6500000,2,0,1
682,2900000,8,0,1
583,13200000,2,0,1
697,18300000,8,0,1
306,27100000,12,0,0
669,1500000,2,1,1
816,6000000,18,0,1
455,28900000,20,1,0
318,16400000,10,1,0
355,21200000,20,1,0
389,8900000,16,1,0
888,1500000,2,0,1
352,15600000,6,1,0
870,30100000,12,1,1
827,6500000,18,0,1
768,20900000,12,0,1
707,15400000,18,0,1
355,19100000,10,1,0
652,3300000,2,0,1
665,15900000,2,0,1
420,6000000,18,1,0
471,32700000,18,0,0
715,7500000,20,0,1
689,15200000,10,1,1
787,16400000,4,1,1
819,7800000,4,0,1
809,21100000,6,1,1
744,17000000,2,1,1
484,11300000,6,0,0
673,10400000,6,0,1
695,21200000,18,1,1
473,12400000,12,1,0
491,11000000,2,1,0
733,1700000,8,1,1
434,15600000,20,0,0
777,20600000,10,1,1
774,19100000,4,0,1
717,27000000,10,1,1
503,3500000,12,1,0
598,10900000,14,1,1
543,32400000,2,0,1
796,6800000,20,1,1
386,34600000,8,1,0
632,7800000,16,1,1
481,23400000,4,1,1
770,3500000,4,1,0
667,15500000,6,1,1
585,17500000,8,1,1
479,11600000,16,1,0
851,22500000,18,0,1
378,16200000,6,1,0
807,12900000,18,0,1
831,32400000,18,1,1
674,5100000,12,0,1
725,28100000,18,1,1
600,29300000,4,0,1
536,27000000,10,1,0
477,20600000,10,0,0
560,5000000,6,1,1
539,16400000,20,1,0
852,9100000,8,0,1
853,8500000,20,0,1
729,30900000,12,0,1
546,4700000,2,0,0
489,2400000,10,1,0
869,35400000,6,1,1
502,20000000,2,0,0
652,38800000,8,0,1
789,1100000,8,1,1
325,8100000,4,0,1
716,19600000,2,1,1
523,34300000,18,0,0
352,22200000,20,0,0
345,14400000,2,1,1
649,19400000,18,0,1
666,7400000,18,1,1
813,20900000,10,0,1
599,16800000,10,0,1
678,9400000,6,1,1
513,12200000,20,0,0
870,27900000,4,0,1
483,20400000,8,0,0
308,16700000,16,1,0
591,4900000,16,1,1
886,23000000,10,0,1
829,4000000,6,0,1
651,4900000,12,0,1
733,4700000,18,0,1
433,15500000,12,1,0
713,3600000,14,1,1
403,22500000,18,0,0
405,7800000,10,1,0
516,19900000,10,1,0
417,1800000,8,1,0
468,14000000,6,0,0
672,11800000,10,1,1
530,13900000,6,0,0
824,11300000,14,1,1
549,25500000,12,1,0
450,9300000,10,1,0
431,19500000,20,1,0
312,10700000,16,1,0
320,7600000,8,1,0
433,20200000,4,0,0
431,1000000,10,1,0
516,28900000,8,1,0
476,12000000,14,1,0
560,2600000,6,0,1
674,27100000,12,0,1
573,38200000,6,1,1
331,6600000,6,0,0
633,6700000,12,1,1
877,12900000,18,0,1
656,23600000,12,1,1
782,18200000,6,0,1
531,29300000,4,0,1
455,4100000,8,0,0
452,19900000,14,0,0
474,33200000,14,0,0
483,24400000,4,0,1
481,16800000,8,0,0
859,5100000,20,1,1
696,14100000,14,1,1
778,28700000,6,0,1
499,14600000,4,0,1
888,4900000,4,1,1
674,10800000,12,0,1
802,13200000,4,0,1
540,7800000,8,1,0
726,19600000,8,1,1
485,23500000,2,1,1
612,17100000,6,1,1
879,24200000,8,1,1
708,16400000,12,0,1
850,5700000,8,1,1
516,11300000,12,1,0
465,28800000,12,0,0
716,3200000,20,0,1
404,600000,10,0,0
512,10600000,20,1,0
441,20600000,10,1,0
555,18400000,2,1,1
466,7000000,18,0,0
427,8600000,2,1,0
593,20000000,14,1,1
731,18300000,10,0,1
451,10100000,16,1,0
628,16900000,18,1,1
704,9400000,18,0,1
341,23500000,12,0,0
465,21000000,8,0,0
431,30100000,4,0,1
424,12600000,10,1,0
678,5100000,14,0,1
381,16800000,6,0,0
449,28000000,10,1,0
768,23500000,12,0,1
666,7000000,6,0,0
742,13300000,14,1,1
445,15800000,4,1,0
634,28700000,14,0,1
782,9700000,14,0,1
781,7000000,10,0,1
318,17200000,14,0,0
721,24100000,18,0,1
563,9800000,4,0,1
419,26300000,4,0,1
372,20800000,14,1,0
885,9500000,18,0,1
596,38400000,12,1,1
349,14100000,2,0,1
468,32200000,16,1,0
818,26900000,16,1,1
543,28000000,12,0,0
685,21900000,16,0,1
851,12500000,18,1,1
377,29800000,10,1,0
620,4000000,10,1,1
611,2300000,20,1,1
767,7700000,4,0,1
592,3200000,20,1,1
319,2300000,4,1,1
900,25500000,10,1,1
814,12800000,18,1,1
755,5000000,10,1,1
584,16800000,20,1,1
380,23500000,14,1,0
465,17600000,20,1,0
531,1800000,2,0,1
814,32100000,16,1,1
678,17900000,6,0,1
655,29000000,12,1,1
682,7400000,2,0,1
695,1300000,6,0,1
833,10800000,4,0,1
302,35300000,16,1,0
357,6600000,2,0,0
302,14500000,12,0,0
873,22400000,18,1,1
658,19800000,12,1,1
877,8700000,18,1,1
648,6300000,8,0,1
730,5200000,12,0,1
737,8200000,14,1,1
584,3200000,10,1,0
621,1700000,2,0,1
583,2700000,16,1,1
621,25900000,16,0,1
610,21500000,16,0,1
452,15700000,18,0,0
339,7300000,18,0,0
650,15200000,16,1,1
672,700000,10,1,1
501,1000000,20,0,0
809,5700000,4,1,1
318,29400000,8,1,0
649,3300000,10,0,1
367,28300000,12,0,0
847,11800000,6,0,1
360,18900000,12,0,0
865,7200000,2,1,1
880,18800000,16,0,1
608,8400000,20,0,1
760,2100000,6,1,1
385,4600000,12,1,0
478,23300000,12,1,0
327,7700000,16,1,0
663,9300000,6,0,1
693,3500000,20,1,1
710,5400000,6,0,1
711,14500000,6,1,1
386,18400000,8,0,0
855,11900000,10,1,1
573,15300000,14,1,1
431,2800000,18,1,0
364,14800000,8,0,0
711,3600000,14,1,1
771,900000,20,1,1
669,36400000,18,0,1
338,27500000,18,1,0
562,3500000,8,0,1
769,18700000,2,0,1
629,21500000,8,1,1
699,18100000,6,0,1
590,20800000,20,0,1
707,5700000,4,1,1
391,11400000,8,1,0
891,18500000,4,0,1
731,20600000,2,1,1
775,16700000,12,0,1
897,32400000,2,1,1
794,26700000,20,0,1
555,16700000,6,0,1
536,10300000,12,1,0
839,1700000,10,0,1
890,5100000,6,1,1
415,27900000,20,1,0
868,15700000,4,0,1
353,5800000,12,1,0
590,29000000,16,0,1
618,900000,18,1,1
539,1700000,10,1,0
429,27000000,4,0,1
792,4700000,8,0,1
608,12400000,2,0,1
555,21500000,14,1,1
620,17500000,12,1,1
635,20900000,6,0,1
457,12500000,10,0,0
350,21400000,8,1,0
885,2500000,14,1,1
638,14700000,16,0,1
710,10500000,12,1,1
470,20900000,18,1,0
874,17300000,16,1,1
411,1800000,18,1,0
482,1100000,2,1,1
396,16900000,2,1,0
436,900000,20,0,0
303,22100000,20,1,0
728,11400000,12,0,1
775,28600000,10,1,1
402,23500000,12,1,0
698,31500000,18,1,1
665,7800000,14,0,1
490,13500000,18,0,0
504,31900000,12,0,0
790,8600000,8,1,1
669,2700000,20,1,1
381,30700000,6,0,0
900,15000000,2,1,1
506,24900000,16,0,0
538,8800000,12,1,0
677,14400000,8,1,1
685,4900000,8,0,1
860,6200000,12,0,1
608,14800000,6,0,1
540,5300000,10,1,0
492,16800000,16,1,0
834,8500000,14,0,1
834,3500000,16,1,1
890,28800000,8,1,1
443,1100000,12,0,0
329,5700000,18,0,0
739,5400000,12,1,1
867,30300000,6,1,1
307,24800000,6,0,0
492,15500000,18,0,0
698,24700000,18,1,1
851,700000,8,0,1
375,12500000,14,0,0
601,14300000,14,1,1
756,7000000,20,0,1
868,19200000,4,1,1
838,7200000,10,1,1
375,15900000,14,1,0
778,12500000,18,1,1
442,11200000,6,1,0
808,39500000,12,1,1
372,9000000,20,1,0
597,19000000,4,0,1
435,29100000,20,1,0
728,9700000,20,1,1
373,25900000,14,1,0
367,18500000,10,1,0
552,19100000,14,0,1
465,10600000,8,1,0
607,10500000,8,1,1
427,1300000,4,1,0
711,21200000,4,0,1
823,24100000,14,0,1
523,20500000,6,1,0
328,27900000,10,1,0
721,28200000,12,1,1
599,17000000,20,1,1
580,5000000,14,0,1
744,4900000,10,1,1
559,23900000,4,1,1
587,13500000,16,0,1
817,31800000,18,1,1
655,1000000,20,1,1
382,23900000,6,1,0
765,4300000,6,1,1
516,10000000,20,1,0
383,15000000,8,1,0
633,14100000,6,0,1
547,15200000,2,0,0
843,26300000,10,1,1
783,13200000,8,1,1
790,3200000,14,1,1
409,14200000,16,1,0
376,7800000,14,0,0
625,2700000,8,0,1
707,10900000,18,0,1
645,20500000,6,1,1
887,22100000,6,1,1
319,37600000,18,0,0
647,4900000,20,0,1
888,22500000,6,1,1
420,10400000,10,0,0
791,18400000,2,0,1
891,16200000,12,0,1
641,700000,16,1,1
319,22800000,6,1,0
819,22200000,20,1,1
387,32300000,18,1,0
686,12300000,2,1,1
415,12000000,4,1,0
885,500000,6,1,0
722,25500000,4,0,1
761,20400000,20,0,1
389,15200000,8,1,0
600,27900000,12,1,1
407,6100000,2,0,1
829,14000000,18,1,1
895,5900000,6,0,1
441,11100000,12,1,0
895,9800000,16,0,1
826,4300000,4,0,1
453,7200000,8,0,0
701,17500000,2,0,1
627,2700000,8,1,1
543,11000000,2,0,1
411,17500000,18,0,0
583,5800000,4,1,1
889,7500000,2,0,1
684,8600000,8,0,1
578,20500000,10,0,1
445,10900000,20,0,0
369,26300000,10,1,0
794,22200000,18,0,1
492,19200000,16,1,0
557,13200000,16,1,1
519,31800000,6,1,0
699,5700000,18,1,1
741,24600000,2,1,1
508,3800000,18,0,0
647,2800000,10,1,1
656,28600000,14,0,1
439,10600000,2,1,0
350,4000000,12,1,0
493,2200000,6,0,0
851,1800000,6,0,1
492,12500000,18,0,0
861,5400000,6,1,1
664,14600000,2,1,1
362,1300000,16,1,0
703,9400000,6,0,1
758,16800000,12,1,1
396,9700000,2,1,0
828,10600000,2,1,1
709,10000000,20,1,1
528,17500000,10,1,0
623,16000000,14,1,1
599,24500000,14,1,1
622,12700000,4,1,1
385,13100000,6,0,0
579,12500000,2,1,1
846,17900000,20,0,1
449,23900000,10,0,0
666,24900000,14,0,1
380,17500000,4,0,0
589,8100000,4,1,1
845,19500000,12,0,1
401,17300000,10,0,0
766,14500000,2,0,1
522,15100000,12,0,0
834,6900000,6,1,1
588,25400000,8,0,1
570,10600000,4,0,1
860,17600000,6,0,1
655,19200000,4,1,1
457,27700000,4,1,1
863,2100000,14,1,1
742,18900000,4,1,1
798,13300000,4,0,1
552,18900000,16,1,1
418,12500000,12,1,0
419,22200000,6,0,0
668,29900000,2,1,1
608,29200000,8,0,1
342,13800000,10,0,0
817,18000000,8,1,1
476,29900000,16,0,0
881,20000000,6,0,1
838,15600000,12,0,1
406,27400000,4,0,1
778,19500000,12,1,1
799,7400000,14,1,1
716,17800000,20,0,1
756,20100000,16,1,1
743,20100000,10,0,1
731,19400000,20,0,1
833,8500000,2,0,1
470,11400000,8,0,0
734,21200000,20,1,1
620,9600000,12,0,1
812,14400000,8,1,1
459,14000000,12,1,0
704,32600000,10,1,1
391,4100000,6,1,0
421,29100000,4,0,1
796,6700000,14,0,1
607,30300000,10,0,1
376,20400000,14,0,0
424,8500000,8,1,0
442,20800000,6,1,0
448,17600000,14,0,0
638,2700000,2,1,1
710,5600000,6,0,1
641,4800000,20,1,1
348,20200000,10,0,0
519,19900000,20,0,0
517,35000000,10,1,0
375,22400000,6,0,0
426,3400000,10,1,0
785,11500000,14,1,1
373,8600000,20,0,0
476,20100000,6,0,0
320,5600000,18,1,0
657,22900000,18,0,1
868,1900000,12,1,1
345,13900000,6,1,0
472,300000,6,0,0
613,9500000,20,1,1
769,12800000,14,1,1
741,23100000,20,0,1
889,16600000,14,1,1
683,3600000,10,1,1
780,7400000,18,1,1
538,1100000,8,0,0
721,12600000,10,0,1
467,15200000,14,1,0
551,2500000,6,0,1
803,14800000,14,0,1
361,8400000,10,0,0
708,30700000,6,1,1
766,20900000,18,1,1
464,11500000,2,1,0
517,4300000,2,0,0
747,2300000,6,1,1
596,24700000,6,0,1
783,25400000,2,0,1
335,19400000,2,0,1
889,2700000,4,1,1
874,2200000,4,1,1
394,23900000,4,1,1
420,28500000,20,1,0
848,25100000,20,1,1
788,17900000,16,1,1
509,4900000,8,0,0
899,23900000,6,1,1
466,15800000,12,1,0
595,4300000,2,1,1
322,6700000,12,0,0
691,18900000,2,0,1
379,26700000,10,1,0
531,25800000,18,0,0
631,21800000,4,0,1
330,18600000,10,1,0
383,29200000,16,0,0
678,19700000,16,1,1
894,14700000,8,1,1
567,22700000,12,0,1
708,14000000,4,0,1
433,21200000,2,0,1
302,8700000,14,0,0
736,2600000,14,0,1
323,8500000,6,1,0
670,4100000,12,0,1
609,21000000,12,0,1
349,24200000,18,0,0
319,1500000,2,1,0
391,16200000,14,0,0
755,18700000,10,0,1
354,12200000,6,0,0
877,8800000,2,1,1
312,8600000,16,0,0
746,15900000,14,0,1
313,19600000,16,0,0
857,12900000,14,0,1
504,18300000,20,0,0
556,1200000,14,0,1
393,11000000,14,1,0
881,14400000,14,0,1
719,12200000,14,1,1
458,2500000,16,1,0
857,7500000,14,0,1
429,7600000,16,1,0
538,15900000,12,0,0
828,14400000,10,0,1
339,6100000,6,1,0
376,16600000,18,1,0
549,30000000,14,0,0
587,12700000,18,1,1
861,8400000,18,0,1
409,7000000,12,0,0
528,10200000,4,0,1
691,19600000,8,0,1
584,3600000,4,0,1
459,20000000,4,0,0
755,31700000,10,1,1
688,27700000,20,1,1
384,26000000,6,1,0
869,1600000,20,0,1
445,18700000,20,1,0
393,5500000,6,0,0
414,24600000,10,1,0
395,19900000,16,0,0
815,21000000,14,1,1
758,10500000,8,0,1
457,14500000,10,1,0
854,3200000,10,1,1
324,10300000,16,0,0
849,31500000,14,0,1
672,24200000,12,1,1
859,20900000,6,1,1
584,15400000,8,0,1
346,4800000,4,0,1
635,12800000,18,0,1
365,22700000,4,0,0
856,20000000,16,0,1
440,20000000,2,1,0
616,23300000,2,1,1
461,25700000,2,1,1
681,10800000,10,0,1
485,9400000,2,0,0
684,8300000,6,1,1
727,17900000,14,0,1
784,5100000,6,0,1
865,20400000,4,1,1
791,20100000,18,0,1
866,8500000,16,0,1
761,14400000,2,0,1
572,2100000,18,1,1
601,8600000,6,0,1
820,5500000,14,1,1
598,4300000,8,0,1
544,8700000,18,0,0
561,14500000,14,1,1
547,35500000,6,1,0
504,13400000,2,0,0
530,20800000,14,0,0
614,10600000,6,1,1
351,22400000,18,0,0
431,19700000,10,1,0
403,18400000,10,1,0
668,20200000,8,0,1
399,10400000,18,1,0
665,10600000,14,0,1
344,12800000,16,0,0
555,5400000,16,0,1
301,26900000,20,1,0
726,2100000,6,1,1
689,23100000,6,0,1
665,33900000,4,0,1
608,12700000,16,1,1
335,12800000,20,0,0
677,10500000,18,0,1
491,8500000,2,0,1
763,28100000,20,1,1
809,18100000,8,1,1
544,36400000,16,1,0
624,800000,14,1,1
388,16800000,10,0,0
644,23100000,14,1,1
600,18400000,14,0,1
709,14100000,2,0,1
642,5600000,8,1,1
423,10400000,4,1,1
900,5900000,12,1,1
415,19500000,4,1,0
645,14300000,4,1,1
742,15600000,16,0,1
724,19800000,8,0,1
707,5400000,12,0,1
780,2500000,4,1,1
538,21900000,10,0,0
706,17700000,14,0,1
811,14500000,16,0,1
849,9100000,14,1,1
880,16700000,10,0,1
664,9500000,4,1,1
465,5000000,2,1,1
786,12000000,2,1,1
326,2000000,10,1,0
399,10800000,16,0,0
841,11500000,6,1,1
638,6700000,14,1,1
478,8900000,4,1,0
600,30000000,4,1,1
768,15600000,16,1,1
523,6500000,10,0,0
327,20900000,14,1,0
799,1800000,8,1,1
803,23000000,18,0,1
524,15400000,18,0,0
506,6600000,6,0,0
351,18800000,2,0,0
648,4200000,8,1,1
612,18500000,4,0,1
396,12400000,14,0,0
458,800000,2,0,0
488,3400000,6,1,0
475,18900000,6,0,0
417,7000000,18,0,0
781,18700000,8,0,1
337,6200000,12,1,0
511,1800000,12,1,0
837,17300000,6,0,1
810,24600000,12,0,1
588,10600000,8,0,1
870,9200000,12,0,1
733,20700000,10,1,1
348,20300000,16,1,0
741,23000000,12,1,1
306,14500000,12,0,0
428,19500000,18,1,0
455,22100000,4,0,1
356,14700000,2,1,1
594,400000,4,0,1
844,25800000,18,1,1
771,34700000,4,0,1
622,12500000,4,0,1
480,4500000,20,1,0
337,11500000,20,0,0
698,11200000,6,0,1
302,17000000,18,0,0
349,7800000,14,1,0
482,3300000,10,0,0
429,8200000,10,0,0
471,1300000,8,0,0
895,32400000,10,1,1
757,20300000,18,1,1
777,13500000,2,0,1
761,8900000,4,1,1
821,4200000,12,0,1
662,26500000,6,1,1
350,16500000,10,1,0
321,10700000,20,0,0
368,10100000,4,1,0
455,24900000,14,0,0
744,24600000,8,1,1
806,16800000,4,0,1
456,27900000,6,0,0
719,13400000,8,0,1
668,9000000,18,0,1
494,5800000,18,1,0
841,10800000,2,0,1
721,21400000,8,1,1
414,9400000,10,0,0
812,15500000,10,0,1
832,17500000,20,0,1
571,14900000,12,0,1
459,37000000,14,0,0
592,24100000,6,1,1
527,13100000,20,0,0
333,10200000,12,0,0
532,10000000,18,0,0
754,13100000,18,1,1
835,4800000,4,1,0
592,5400000,10,0,1
553,27300000,20,0,1
806,2000000,8,0,1
378,28500000,2,1,1
534,26200000,4,0,1
400,5900000,16,1,0
543,18300000,18,0,0
715,25600000,10,1,1
684,20700000,6,1,1
346,6100000,8,1,0
669,29200000,6,1,1
566,8000000,12,0,1
361,23600000,2,1,0
333,8000000,6,0,0
335,16300000,8,1,0
558,20400000,10,1,1
436,15600000,12,1,0
371,5200000,2,0,0
515,18400000,10,1,0
599,24300000,10,1,1
728,24000000,20,1,1
679,21600000,20,1,1
399,29200000,4,1,1
819,4500000,6,0,1
308,11700000,6,0,0
730,15600000,2,1,1
312,5100000,14,1,0
740,12800000,16,1,1
522,20000000,10,1,0
702,16900000,4,0,1
447,4300000,16,1,0
829,2900000,4,0,1
727,18500000,18,0,1
509,18700000,14,1,0
745,34200000,2,1,1
513,6600000,18,0,0
372,18500000,6,0,0
411,700000,4,1,0
495,10800000,20,0,0
827,2500000,4,0,1
820,25100000,6,0,1
660,28100000,10,1,1
563,8600000,4,0,1
883,1400000,10,1,1
387,22000000,12,1,0
613,8700000,12,0,1
335,8000000,14,1,0
795,34500000,2,1,1
369,13900000,8,1,0
888,7400000,18,1,1
742,12300000,6,0,1
874,14400000,4,0,1
691,8100000,16,0,1
762,30300000,12,1,1
324,10700000,18,0,0
777,1800000,20,0,1
662,21400000,2,0,1
462,13000000,12,1,0
609,10400000,14,1,1
590,11700000,20,1,1
779,15800000,18,1,1
641,5000000,14,1,1
752,18400000,12,1,1
305,23700000,10,0,0
546,20700000,10,0,0
833,24200000,8,0,1
421,8800000,18,0,0
639,18800000,4,0,1
735,6900000,20,0,1
377,5400000,2,1,0
310,15600000,20,0,0
695,14000000,2,0,1
355,1200000,4,1,1
525,14100000,12,1,0
330,2400000,20,0,0
625,25800000,14,0,1
644,2900000,10,1,1
865,14900000,4,0,1
661,14800000,6,1,1
884,5000000,8,0,1
803,26700000,10,1,1
800,28300000,12,0,1
796,12600000,18,0,1
716,5000000,4,0,1
479,1100000,18,1,0
810,28300000,2,1,1
568,20900000,18,1,1
842,5600000,8,0,1
806,7000000,4,1,1
722,17700000,8,1,1
442,20700000,14,0,0
360,9800000,6,1,0
461,5900000,4,0,0
735,22200000,10,0,1
761,8400000,12,1,1
653,10600000,20,0,1
726,30800000,4,0,1
617,22600000,18,0,1
460,13400000,2,0,0
306,3300000,8,0,0
471,1400000,4,1,0
628,15300000,4,1,1
404,25600000,10,0,0
804,21600000,16,1,1
804,3900000,20,0,1
502,6700000,2,1,0
861,22600000,6,0,1
555,7800000,14,1,1
351,13600000,18,0,0
358,23600000,6,1,0
836,18800000,14,0,1
554,2900000,4,1,1
443,30500000,2,0,1
725,23600000,4,0,1
818,7000000,14,1,1
670,38700000,6,0,1
414,21100000,6,0,0
887,37000000,8,1,1
409,26600000,12,1,0
679,4500000,14,1,1
478,2600000,18,1,0
752,1200000,2,0,1
616,33000000,4,0,1
842,12500000,14,1,1
840,26300000,20,1,1
430,27700000,6,1,0
351,7000000,4,0,0
347,2300000,4,0,0
576,28800000,10,1,1
799,11000000,8,1,1
550,10800000,2,1,1
878,13300000,4,0,1
895,4800000,12,1,1
603,29700000,6,0,1
325,6900000,12,1,0
393,11800000,4,0,1
612,30300000,2,0,1
553,3800000,8,1,1
389,8800000,14,1,0
782,6800000,4,0,1
493,8500000,12,0,0
629,11900000,2,1,1
419,21600000,10,0,0
444,15800000,2,1,0
301,15800000,16,1,0
479,11200000,20,1,0
424,11400000,10,1,0
469,16900000,18,0,0
897,8300000,2,1,1
477,500000,2,0,0
509,1400000,16,1,0
752,1700000,4,1,1
875,19100000,14,1,1
343,3600000,4,1,0
819,20800000,20,0,1
433,16800000,2,1,1
768,400000,6,1,1
714,31800000,6,1,1
531,10100000,16,1,0
529,8600000,6,1,0
448,19500000,20,0,0
584,10000000,2,0,1
501,22900000,4,0,1
848,24500000,18,0,1
586,19100000,6,0,1
386,13000000,2,0,0
301,37900000,18,1,0
653,8300000,6,0,1
448,500000,14,1,0
696,11600000,16,1,1
707,28300000,16,0,1
429,21700000,4,0,0
631,21100000,6,0,1
446,29600000,4,1,1
705,18100000,18,1,1
709,15200000,2,1,1
739,19500000,14,1,1
336,11000000,6,0,0
898,32600000,4,0,1
558,2100000,6,1,1
589,13300000,4,0,1
301,14400000,2,1,0
516,21200000,14,1,0
315,3600000,12,0,0
546,14400000,10,0,0
559,14500000,14,1,1
350,16900000,2,1,1
583,18700000,8,0,1
874,9400000,8,0,1
808,11600000,8,1,1
487,4900000,16,1,0
870,7800000,14,0,1
840,3800000,8,0,1
682,19200000,18,1,1
668,28900000,10,1,1
781,10300000,8,1,1
375,19000000,6,0,0
857,14900000,14,0,1
823,32100000,6,1,1
686,5000000,8,0,1
721,6300000,2,0,1
545,9400000,18,0,0
523,8900000,6,0,0
607,24900000,20,1,1
428,14900000,20,0,0
666,20300000,4,0,1
704,10100000,20,0,1
794,23800000,10,1,1
430,23300000,12,1,0
615,500000,20,0,1
360,14100000,20,0,0
458,18300000,14,0,0
887,20400000,12,0,1
735,27400000,8,0,1
379,5600000,16,0,0
544,25500000,20,0,0
721,16700000,12,1,1
676,6000000,8,0,1
342,1200000,4,0,1
566,27000000,16,0,1
355,14000000,2,0,1
605,18500000,20,0,1
525,5200000,16,0,0
403,2500000,12,1,0
727,33500000,18,1,1
529,28900000,12,0,0
415,6100000,18,0,0
879,17300000,10,1,1
649,12600000,16,1,1
395,9800000,16,0,0
488,24100000,20,0,0
569,400000,8,1,1
817,24600000,14,0,1
706,17800000,20,1,1
553,31200000,8,1,1
464,1800000,14,1,0
729,20000000,6,0,1
363,7400000,12,1,0
565,17200000,12,0,1
421,21000000,14,0,0
512,34200000,10,1,0
730,12400000,2,1,1
627,2300000,8,0,1
434,10000000,16,1,0
410,14300000,2,1,0
624,3600000,16,0,1
656,16900000,4,1,1
758,27300000,16,0,1
336,23500000,18,1,0
378,21900000,18,0,0
620,4200000,4,1,1
593,9100000,18,0,1
710,34000000,12,1,1
753,20700000,8,1,1
454,27200000,16,1,0
619,19100000,8,1,1
367,28500000,6,0,0
384,3100000,20,0,0
610,5900000,16,0,1
802,19500000,12,0,1
858,25200000,10,0,1
599,14000000,8,0,1
395,27000000,2,1,0
380,16200000,6,1,0
803,27100000,10,0,1
809,8900000,20,0,1
722,6600000,2,0,1
392,35700000,10,0,0
545,14500000,8,0,0
799,28500000,10,1,1
727,21900000,12,1,1
530,19800000,18,0,0
637,19000000,14,0,1
561,21000000,4,0,1
421,12000000,20,0,0
459,30300000,14,1,0
828,26000000,14,0,1
679,27500000,20,0,1
455,25700000,8,1,0
879,9400000,18,0,1
636,26100000,14,1,1
426,5600000,16,1,0
508,21500000,14,1,0
768,19200000,4,1,1
667,6400000,20,0,1
440,28200000,2,1,1
366,16800000,2,1,0
383,600000,2,0,0
603,800000,4,1,1
728,14900000,4,0,1
549,20300000,6,0,0
855,10700000,8,0,1
461,5300000,12,1,0
379,16100000,16,1,0
559,13700000,6,1,1
816,600000,8,1,1
560,11400000,2,1,1
645,12000000,14,1,1
551,11500000,6,1,1
515,22900000,8,1,0
657,3600000,10,0,1
682,9300000,2,0,1
588,1600000,10,0,1
359,38000000,10,1,0
766,1200000,4,0,1
469,19900000,14,0,0
618,1400000,10,1,1
711,17700000,20,1,1
549,34000000,4,1,1
754,20400000,6,1,1
461,1500000,6,1,0
837,3800000,10,0,1
459,23900000,14,1,0
614,29700000,20,0,1
373,24000000,16,0,0
512,26500000,12,1,0
781,23400000,18,1,1
305,5800000,14,1,0
447,27800000,6,1,0
757,4600000,6,1,1
723,10400000,2,1,1
463,10900000,12,1,0
699,18700000,10,0,1
308,25200000,2,1,1
702,500000,18,0,1
456,37500000,4,1,1
651,5900000,8,1,1
840,14500000,20,0,1
848,7900000,18,1,1
727,19700000,4,1,1
335,11600000,10,0,0
304,800000,18,0,0
712,34400000,2,1,1
737,6600000,10,0,1
690,29300000,14,1,1
888,3200000,4,1,1
839,27200000,10,1,1
333,12400000,8,1,0
862,23700000,18,0,1
309,9100000,4,0,1
823,30700000,10,0,1
649,11700000,14,1,1
726,35700000,10,1,1
712,3100000,18,0,1
701,37300000,20,0,1
655,21300000,12,0,1
385,16600000,18,1,0
777,3800000,4,0,1
696,5300000,14,0,1
496,14100000,16,0,0
659,7900000,6,1,1
542,17700000,2,1,0
729,8700000,18,0,1
744,28400000,6,0,1
749,17000000,2,0,1
755,14800000,20,0,1
506,5300000,2,1,0
391,13000000,6,1,0
898,11600000,10,1,1
527,1500000,12,0,0
470,35800000,20,0,0
694,25000000,12,0,1
325,18800000,14,0,0
880,13400000,10,1,1
459,11900000,14,1,0
323,21400000,10,1,0
739,29000000,8,0,1
724,16300000,10,1,1
487,7400000,18,0,0
439,27700000,4,0,1
655,25400000,2,0,1
443,9200000,14,0,0
489,2600000,20,0,0
427,8600000,14,1,0
417,10500000,20,1,0
842,24800000,18,1,1
307,23200000,2,0,1
428,4500000,18,0,0
415,15200000,16,1,0
405,18200000,20,1,0
683,31500000,18,0,1
742,10600000,14,1,1
530,10000000,10,0,0
844,3500000,10,0,1
715,13900000,18,1,1
476,26300000,12,1,0
721,4800000,6,0,1
339,30300000,12,0,0
461,6800000,6,1,0
556,23200000,12,1,1
483,18700000,8,0,0
406,17200000,18,0,0
513,24800000,14,1,0
574,12600000,16,0,1
692,15700000,6,1,1
867,29800000,18,1,1
875,38500000,2,1,1
597,18600000,10,1,1
513,12000000,20,1,0
354,24200000,2,1,1
647,25900000,18,0,1
875,23700000,6,0,1
819,14300000,20,0,1
521,9600000,10,1,0
761,19900000,20,1,1
572,1900000,18,0,1
571,24100000,12,0,1
891,7800000,20,1,1
895,14800000,12,0,1
580,6600000,20,0,1
605,23400000,8,0,1
705,5100000,8,0,1
423,5000000,20,1,0
846,22500000,2,1,1
542,5000000,4,0,0
631,2400000,18,0,1
318,24500000,18,0,0
541,6800000,10,1,0
782,2900000,20,0,1
888,35000000,2,0,1
747,3600000,14,0,1
641,18900000,6,1,1
640,1700000,4,1,1
324,28100000,12,0,0
359,21200000,20,0,0
338,23300000,12,1,0
384,3200000,14,0,0
545,26600000,16,1,0
610,24200000,18,0,1
840,27900000,18,1,1
630,8100000,6,0,1
508,31200000,4,0,1
535,34900000,4,1,1
717,3400000,20,0,1
735,19300000,8,1,1
528,22000000,20,1,0
350,20000000,4,1,0
422,5700000,12,0,0
496,13700000,6,0,0
794,15500000,18,0,1
719,7700000,6,0,1
630,6100000,14,1,1
843,1800000,4,1,1
764,15600000,2,0,1
662,17700000,4,0,1
311,15500000,16,0,0
606,10100000,2,0,1
874,10200000,16,0,1
370,30000000,4,1,1
414,20500000,10,0,0
800,1100000,10,0,1
779,16900000,12,0,1
553,14100000,20,0,1
445,29900000,18,0,0
496,21400000,8,0,0
650,5900000,10,1,1
783,17900000,6,0,1
535,13500000,10,1,0
415,34000000,20,1,0
709,15300000,8,0,1
819,2500000,14,0,1
841,17300000,18,1,1
700,10700000,12,1,1
881,4200000,4,1,1
804,4600000,4,1,1
653,21700000,6,0,1
663,29200000,2,1,1
495,17500000,10,0,0
335,9800000,8,0,0
618,4900000,6,1,1
480,2400000,12,0,0
843,4900000,18,0,1
483,14100000,16,0,0
548,5100000,12,0,0
379,16000000,16,1,0
771,26600000,20,1,1
353,500000,2,1,0
668,11500000,16,0,1
387,21300000,2,1,1
789,4100000,12,1,1
855,900000,2,1,1
751,33600000,14,0,1
739,21600000,12,0,1
492,13100000,14,0,0
896,23800000,16,1,1
545,24500000,4,1,0
891,36800000,20,0,1
848,15100000,6,0,1
884,2400000,12,1,1
439,14300000,14,1,0
586,8500000,12,1,1
308,18800000,20,1,0
300,23500000,16,0,0
741,19600000,2,1,1
698,31400000,8,0,1
733,22300000,10,1,1
571,4200000,16,1,1
490,29900000,20,1,0
451,25400000,16,0,0
559,6800000,6,1,1
577,21400000,10,1,1
613,5000000,4,1,1
785,3800000,20,0,1
690,6000000,8,1,1
351,17100000,14,0,0
447,1000000,10,0,0
708,19200000,20,1,1
549,21700000,12,0,0
797,18800000,8,1,1
537,14300000,14,0,0
828,2500000,12,0,1
471,9600000,14,1,0
336,25400000,4,0,0
424,9800000,16,1,0
440,3300000,18,0,0
583,17300000,8,0,1
480,2900000,6,1,0
670,25800000,10,0,1
329,13700000,6,1,0
754,3000000,6,0,1
588,7800000,18,1,1
551,16500000,4,0,1
316,18900000,4,0,0
382,32200000,12,1,0
717,15000000,6,0,1
676,7300000,6,0,1
667,27800000,6,0,1
821,10500000,20,0,1
345,20100000,20,0,0
442,19200000,10,1,0
672,23300000,12,1,1
508,29300000,2,1,1
615,12300000,10,1,1
689,4400000,8,1,1
747,1200000,18,0,0
412,22800000,10,1,0
703,16900000,2,0,1
884,22200000,16,0,1
651,8600000,18,1,1
793,17300000,14,0,1
407,21800000,4,0,1
390,11100000,8,0,0
469,1000000,12,1,0
373,10400000,6,0,0
304,5800000,2,1,1
833,8300000,8,0,1
302,20900000,2,0,1
397,28700000,6,0,0
891,10000000,6,0,1
457,12200000,2,0,0
657,3200000,16,0,1
480,1400000,2,1,1
840,17300000,20,1,1
866,8000000,12,1,1
619,17000000,8,0,1
748,33500000,2,1,1
881,25500000,12,1,1
829,13900000,8,1,1
312,11100000,6,0,0
467,21400000,10,0,0
650,14300000,18,1,1
711,1100000,6,1,1
886,4100000,18,0,1
494,28400000,4,0,0
741,10900000,14,1,1
876,3300000,12,0,1
610,26400000,14,1,1
778,26000000,6,0,1
571,1800000,14,1,1
554,25100000,18,1,1
712,6200000,8,1,1
695,11500000,4,1,1
366,10900000,20,1,0
426,5500000,10,1,0
320,6900000,10,0,0
543,4600000,8,1,0
525,11000000,16,0,0
812,13100000,12,1,1
697,25300000,14,0,1
527,15100000,12,0,0
512,17200000,4,0,1
671,9200000,4,0,1
539,8700000,20,1,0
532,7200000,10,0,0
485,7700000,16,1,0
521,2100000,6,1,0
874,7400000,10,0,1
788,22900000,10,0,1
659,14800000,12,0,1
498,19600000,16,1,0
310,13200000,20,1,0
785,4700000,6,0,1
309,8700000,10,0,0
433,19600000,2,1,1
801,1300000,18,1,1
488,22400000,6,1,0
756,6000000,16,1,1
757,2800000,4,0,1
828,10100000,6,0,1
733,7200000,12,1,1
421,38200000,8,0,0
872,20300000,4,0,1
393,17400000,10,0,0
700,37800000,12,0,1
613,21600000,18,0,1
455,13400000,6,0,0
871,7100000,16,1,1
497,21500000,16,1,0
649,2700000,2,0,1
709,10000000,14,1,1
705,13500000,12,0,1
476,23600000,2,0,1
819,7100000,4,1,1
535,9400000,16,1,0
889,1200000,14,1,1
468,11800000,12,0,0
759,800000,2,1,1
426,33600000,2,1,1
712,23600000,8,1,1
615,4700000,2,1,1
784,14000000,12,0,1
677,6100000,16,0,1
306,7900000,12,0,0
655,25400000,16,1,1
755,19400000,8,0,1
598,25800000,18,0,1
712,9800000,18,0,1
524,4600000,6,1,0
838,23100000,16,0,1
560,2900000,6,1,1
759,26400000,12,0,1
454,2400000,6,1,0
539,16500000,4,0,1
827,27800000,16,1,1
686,11900000,12,0,1
371,34100000,14,1,0
784,1900000,4,0,1
826,7300000,16,1,1
502,10500000,12,0,0
367,7800000,8,0,0
541,18300000,6,0,0
608,13600000,16,0,1
570,13100000,12,1,1
752,800000,18,0,1
873,20500000,8,1,1
538,18600000,2,0,1
819,1000000,10,0,1
770,29800000,18,1,1
345,9600000,6,1,0
730,8100000,12,1,1
835,19300000,20,1,1
811,1700000,2,1,1
662,5900000,14,0,1
420,13300000,4,1,1
413,11700000,4,0,1
367,20000000,10,1,0
390,16400000,14,1,0
602,12200000,2,1,1
843,11500000,16,0,1
713,6800000,20,0,1
591,16200000,8,0,1
701,9400000,14,1,1
655,10000000,12,1,1
720,20000000,18,1,1
794,15100000,10,1,1
392,21300000,2,0,0
583,7100000,6,1,1
457,6800000,18,0,0
570,17800000,14,1,1
890,30100000,14,0,1
472,12300000,14,1,0
788,10900000,12,0,1
605,35300000,6,0,1
473,30500000,10,0,0
728,21500000,16,0,1
505,17800000,16,1,0
407,19300000,6,1,0
464,1700000,18,1,0
514,7200000,20,1,0
627,23000000,10,0,1
627,14900000,20,1,1
858,3200000,10,1,1
607,30200000,8,1,1
663,14300000,4,1,1
522,26900000,6,1,0
610,9100000,20,1,1
462,6600000,16,1,0
591,9300000,8,1,1
636,6500000,20,1,1
359,4900000,10,1,0
542,25000000,4,1,0
642,11800000,4,1,1
414,5500000,4,1,1
865,26200000,20,1,1
369,3100000,10,0,0
838,10800000,14,1,1
582,21200000,4,0,1
416,23200000,10,1,0
705,5500000,20,0,1
306,5700000,18,0,0
851,13000000,8,1,1
613,17200000,18,0,1
366,16300000,10,0,0
431,2800000,12,0,0
754,25900000,2,1,1
447,11200000,10,1,0
510,14100000,14,1,0
324,24200000,20,0,0
523,19200000,2,0,0
362,15600000,2,1,0
657,32900000,6,1,1
790,23300000,12,0,1
500,30500000,18,1,0
465,33200000,4,1,1
409,8700000,6,0,0
626,1800000,20,1,1
545,13400000,16,0,0
654,11400000,10,0,1
515,26500000,6,0,0
838,18800000,12,1,1
406,16000000,14,1,0
573,23200000,10,1,1
611,38700000,2,1,1
649,13400000,16,0,1
775,7700000,12,1,1
469,12500000,12,0,0
587,12800000,18,1,1
316,9900000,10,1,0
556,10400000,10,0,1
578,31200000,12,0,1
554,18900000,2,1,1
892,6800000,6,1,1
315,10200000,10,1,0
695,12900000,10,0,1
806,20300000,4,0,1
638,12800000,8,1,1
610,5000000,4,1,1
810,3200000,4,1,1
866,33200000,4,0,1
760,23800000,10,0,1
556,11200000,6,0,1
684,23500000,12,1,1
578,25800000,18,1,1
814,23900000,12,0,1
510,14800000,20,0,0
674,9000000,2,0,1
570,4900000,14,1,1
680,1700000,2,0,1
803,8800000,12,0,1
357,10700000,16,1,0
575,19000000,4,1,1
546,3600000,4,0,1
370,21400000,8,0,0
713,9400000,6,0,1
896,3800000,2,1,1
626,9200000,14,1,1
854,6400000,4,0,1
802,8400000,18,0,1
382,4400000,20,1,0
415,14900000,6,0,0
366,6300000,4,1,1
595,25400000,10,1,1
356,21300000,2,0,0
568,29900000,6,0,1
615,4000000,10,0,1
313,13900000,12,1,0
575,17900000,6,1,1
577,5500000,10,0,1
455,30700000,10,0,0
500,24900000,6,0,0
509,9400000,8,1,0
379,19400000,8,1,0
664,14500000,14,0,1
623,9900000,6,1,1
558,8700000,16,0,1
580,4300000,18,0,1
612,17600000,6,0,1
705,2400000,14,1,1
301,2700000,18,1,0
711,32000000,16,1,1
735,700000,20,0,1
682,5200000,14,0,1
348,13500000,10,0,0
750,23500000,20,1,1
835,18200000,16,1,1
389,20000000,6,1,0
866,18900000,4,0,1
689,26600000,4,0,1
645,17600000,16,0,1
797,10100000,2,1,1
849,17800000,6,0,1
423,19700000,20,0,0
370,11200000,2,1,0
378,31300000,12,0,0
417,1900000,20,0,0
530,4100000,20,0,0
543,9300000,20,1,0
750,15000000,18,0,1
346,7600000,20,0,0
330,19000000,14,1,0
712,7400000,10,1,1
376,10100000,14,0,0
338,1200000,14,0,0
600,13700000,14,1,1
495,6900000,20,0,0
300,30400000,4,0,1
691,20000000,18,1,1
519,24700000,8,0,0
540,15100000,20,1,0
562,11400000,16,1,1
323,21300000,10,0,0
312,19700000,10,1,0
511,600000,2,1,1
621,13800000,10,1,1
512,4300000,20,1,0
786,11000000,2,0,1
303,1600000,18,1,0
633,16700000,18,1,1
711,14000000,6,1,1
472,16900000,16,0,0
350,12100000,4,1,0
879,13700000,10,1,1
436,13400000,10,0,0
848,11500000,14,1,1
555,23200000,16,0,1
885,13100000,20,0,1
888,25200000,6,0,1
478,6100000,20,1,0
603,2500000,4,0,1
784,8200000,8,0,1
682,11700000,4,1,1
471,5900000,6,1,0
808,36700000,20,1,1
470,18500000,8,0,0
574,13800000,20,0,1
314,12000000,8,1,0
407,10200000,14,0,0
702,34900000,4,1,1
499,9800000,2,0,0
669,19900000,10,1,1
326,18800000,20,1,0
778,16200000,18,0,1
787,4500000,2,1,1
831,12300000,16,0,1
576,32900000,18,0,1
600,22800000,12,0,1
569,30600000,2,0,1
867,6300000,20,1,1
441,14500000,12,0,0
304,32700000,2,1,1
520,8400000,18,0,0
613,6200000,14,0,1
885,1100000,8,1,1
841,9500000,2,1,1
815,29100000,20,0,1
822,400000,18,1,1
772,29100000,18,0,1
776,22500000,6,1,1
337,10300000,10,1,0
333,19000000,12,1,0
312,29300000,4,1,1
842,12400000,14,1,1
790,5100000,8,1,1
806,31900000,16,0,1
300,17000000,8,1,0
605,12000000,12,1,1
582,4700000,12,1,1
607,2700000,6,0,1
709,8200000,10,1,1
854,11600000,14,1,1
776,15200000,20,1,1
649,24600000,12,1,1
394,28000000,4,0,1
371,18900000,16,0,0
707,13200000,14,0,1
491,18100000,20,1,0
570,14100000,16,1,1
395,3500000,18,0,0
497,7500000,10,1,0
440,5300000,14,1,0
825,2400000,16,1,1
320,18100000,14,1,0
846,13500000,4,1,1
856,10900000,12,1,1
418,6800000,10,0,0
306,21100000,6,1,0
567,14500000,16,1,1
493,36800000,6,1,0
509,21200000,2,0,0
364,17000000,4,0,1
639,24000000,20,0,1
309,21700000,2,1,1
433,14800000,6,1,0
580,33600000,20,0,1
888,16200000,4,1,1
644,1100000,6,1,1
763,22200000,10,1,1
694,10800000,20,1,1
757,1200000,6,0,1
471,6900000,12,0,0
437,35200000,2,0,1
406,11400000,10,1,0
376,19700000,20,0,0
350,13800000,14,0,0
784,22500000,20,1,1
765,25400000,14,1,1
593,32200000,18,0,1
344,30000000,10,1,0
314,11800000,12,0,0
382,3300000,16,1,0
510,16500000,4,1,0
464,24600000,8,1,0
403,14900000,2,1,0
606,30400000,12,0,1
646,22000000,20,0,1
495,3600000,20,0,0
626,21600000,2,1,1
518,6000000,16,1,0
746,7600000,8,0,1
737,16300000,12,0,1
371,22300000,14,0,0
509,27300000,8,0,0
411,14000000,2,0,0
701,11800000,20,0,1
769,8800000,10,0,1
740,12500000,6,1,1
892,11600000,4,0,1
417,13100000,14,0,0
785,14400000,6,0,1
504,1100000,16,0,0
402,5900000,14,0,0
540,3500000,16,1,0
607,28400000,10,1,1
410,19400000,10,1,0
624,17200000,12,0,1
805,16600000,16,0,1
709,16100000,18,0,1
511,30900000,14,1,0
766,25100000,18,1,1
451,3800000,16,1,0
447,10200000,4,1,0
763,2500000,18,1,1
834,3100000,20,0,1
429,19500000,8,0,0
693,10600000,16,0,1
478,11100000,20,0,0
752,800000,10,1,1
319,5900000,14,1,0
303,17600000,8,0,0
420,16700000,20,1,0
552,600000,8,1,1
606,16000000,12,1,1
558,13700000,2,0,1
504,12400000,6,0,0
412,300000,8,1,0
900,18300000,4,1,1
634,23800000,8,1,1
340,9000000,8,1,0
615,20900000,4,1,1
353,12200000,18,1,0
606,16300000,8,1,1
498,14500000,18,0,0
585,21900000,2,0,1
578,6400000,8,1,1
693,15500000,2,0,1
795,14300000,6,0,1
594,9900000,6,0,1
840,10600000,8,1,1
301,10900000,16,0,0
481,9400000,18,1,0
531,23100000,16,1,0
332,15400000,8,0,0
516,18500000,4,0,1
727,26600000,6,0,1
344,19300000,10,1,0
650,31500000,12,0,1
362,15400000,8,1,0
307,18600000,18,1,0
530,24600000,2,0,0
482,17700000,6,0,0
701,22200000,14,1,1
586,17200000,16,0,1
384,17600000,16,1,0
882,18000000,18,0,1
758,11200000,2,1,1
529,4000000,18,0,0
589,1500000,2,1,1
670,1300000,6,0,1
532,14100000,12,1,0
868,12500000,18,0,1
776,7300000,2,0,1
644,9100000,16,1,1
658,6000000,12,1,1
766,33900000,10,1,1
717,21100000,12,0,1
339,6300000,10,0,0
463,4500000,18,0,0
540,7300000,4,0,1
804,5900000,16,0,1
541,16000000,10,0,0
371,18400000,10,1,0
369,13700000,6,0,0
651,1800000,2,0,1
477,30700000,10,1,0
554,6200000,18,0,1
362,25000000,14,1,0
469,14000000,2,0,1
547,1900000,12,0,0
809,1300000,6,0,1
335,16200000,2,1,0
708,13700000,18,1,1
779,700000,16,0,1
748,19900000,6,1,1
541,28600000,18,0,0
527,15800000,2,0,0
859,15300000,4,1,1
604,5600000,18,0,1
348,20100000,18,0,0
734,16200000,20,1,1
388,17000000,16,0,0
831,8100000,20,1,1
433,1500000,6,0,0
699,15900000,16,1,1
303,17100000,8,0,0
611,3800000,2,0,1
558,3700000,20,0,1
752,4800000,2,1,1
786,25800000,14,1,1
481,29000000,18,0,0
507,1300000,16,0,0
715,19800000,14,0,1
392,5700000,20,0,0
887,17700000,16,1,1
479,21600000,2,0,0
328,32100000,20,0,0
740,12900000,8,1,1
456,34200000,2,0,1
467,21100000,10,0,0
587,700000,10,1,0
569,6700000,16,1,1
399,24400000,14,1,0
593,15200000,4,0,1
409,12700000,8,1,0
353,21300000,18,0,0
306,11600000,20,1,0
499,14200000,12,1,0
324,14600000,6,0,0
647,11300000,6,1,1
767,12600000,2,1,1
821,10700000,12,0,1
338,17700000,6,0,0
785,24300000,4,0,1
694,11800000,4,0,1
613,22300000,20,0,1
318,8300000,10,1,0
783,18700000,18,1,1
761,5300000,20,0,1
329,12000000,10,1,0
661,15000000,14,1,1
339,900000,18,0,0
673,17700000,10,1,1
748,16900000,18,0,1
702,10000000,4,0,1
710,10300000,12,0,1
331,3500000,6,1,0
372,7600000,12,0,0
783,9600000,10,1,1
558,31400000,18,0,1
552,13000000,6,1,1
544,10600000,20,0,0
425,1000000,6,0,0
321,5100000,18,1,0
758,15500000,8,1,1
373,19600000,10,1,0
876,500000,6,1,1
594,14500000,10,0,1
837,18400000,18,0,1
600,16500000,4,1,1
547,12400000,20,0,0
431,15800000,12,0,0
851,22600000,12,1,1
760,28100000,12,1,1
716,2400000,2,0,1
744,11200000,10,0,1
740,21600000,4,0,1
759,20300000,14,0,1
517,29400000,14,1,0
895,6300000,18,1,1
315,15400000,20,1,0
527,8800000,14,0,0
853,19800000,14,0,1
747,13700000,20,0,1
892,31600000,16,0,1
856,20500000,8,1,1
324,23600000,4,0,0
812,28600000,12,0,1
804,22600000,2,1,1
874,1800000,8,0,1
516,10000000,12,1,0
402,18300000,4,1,0
330,12400000,12,1,0
867,24000000,12,0,1
844,34200000,16,1,1
310,7800000,8,1,0
535,14200000,20,0,0
323,29500000,16,1,0
686,25600000,4,0,1
465,9600000,8,1,0
547,10700000,12,1,0
649,19100000,12,0,1
670,31000000,14,0,1
408,14400000,10,0,0
303,11900000,6,0,0
497,34800000,14,0,0
740,34100000,14,1,1
309,8200000,4,1,0
769,24400000,14,0,1
420,7100000,6,1,0
540,6000000,20,0,0
806,10600000,20,1,1
723,2900000,6,1,1
565,11800000,16,1,1
374,9200000,16,1,0
509,9900000,10,0,0
728,23500000,16,1,1
396,18200000,20,0,0
667,8600000,2,1,1
583,7400000,12,0,1
459,21100000,10,1,0
635,11900000,18,1,1
604,27200000,12,0,1
796,8900000,14,1,1
416,8500000,10,0,0
311,8200000,8,0,0
833,33900000,10,0,1
543,9400000,6,1,0
751,20300000,18,1,1
885,23200000,14,1,1
346,19400000,6,1,0
588,14500000,4,0,1
488,23100000,4,0,0
765,6600000,20,1,1
337,25600000,6,1,0
515,9300000,8,0,0
555,22300000,12,1,1
702,27200000,2,1,1
457,17000000,2,1,0
425,27200000,10,0,0
583,12300000,6,1,1
877,29200000,6,0,1
522,36500000,14,0,0
687,8700000,20,1,1
856,23600000,20,0,1
543,33000000,8,1,0
576,15400000,14,1,1
856,17000000,10,0,1
722,8200000,8,1,1
653,20200000,12,1,1
480,35500000,16,0,0
477,14300000,14,1,0
885,500000,2,0,1
530,19600000,18,0,0
870,17200000,8,0,1
395,5600000,8,0,0
771,4200000,16,0,1
579,500000,2,1,1
798,3700000,14,1,1
473,25100000,8,1,0
304,3200000,8,1,0
678,23000000,14,1,1
745,8900000,2,1,1
835,8900000,8,0,1
848,12100000,20,1,1
872,16300000,18,0,1
608,20100000,10,0,1
758,19500000,16,1,1
841,3700000,4,1,1
618,2600000,2,1,1
457,1100000,4,1,1
844,14400000,4,0,1
776,3800000,4,0,1
520,13900000,8,0,0
648,7500000,12,1,1
654,31400000,10,1,1
342,26500000,20,0,0
808,2800000,16,0,1
429,15200000,10,1,0
538,18100000,14,1,0
533,16400000,6,0,0
394,7300000,8,1,0
771,29300000,2,0,1
792,10100000,4,1,1
407,15500000,8,1,0
544,19300000,18,0,0
509,18000000,18,0,0
320,18400000,16,1,0
496,14700000,2,0,0
652,27400000,18,0,1
806,3700000,2,1,1
821,4500000,12,0,1
618,28800000,20,1,1
729,20600000,12,1,1
839,10600000,6,1,1
318,6400000,2,0,0
404,9600000,16,0,0
581,9000000,6,1,1
596,6800000,18,0,1
415,20700000,4,0,1
728,7200000,6,1,1
666,13300000,2,0,1
675,17700000,14,0,1
304,15400000,16,0,0
474,15500000,4,1,0
370,10200000,18,1,0
596,20300000,20,0,1
567,8300000,2,0,1
671,16100000,16,0,1
819,800000,18,0,1
829,23000000,10,1,1
454,1200000,12,0,0
399,15200000,16,1,0
784,20700000,10,0,1
538,26900000,6,1,0
759,16900000,16,1,1
699,21400000,12,0,1
347,5400000,14,0,0
598,25200000,20,1,1
406,27100000,2,1,1
860,15800000,20,0,1
806,16500000,10,1,1
448,6900000,2,0,1
393,22600000,20,0,0
811,16000000,12,1,1
829,7900000,20,0,1
700,23400000,16,0,1
719,12400000,18,1,1
430,30500000,12,1,0
338,3000000,4,0,1
695,13000000,4,0,1
374,25700000,18,0,0
609,8500000,18,0,1
631,36000000,6,1,1
439,10800000,6,0,0
837,13500000,20,1,1
833,10400000,10,0,1
863,9600000,20,1,1
684,8700000,4,0,1
542,24600000,6,1,0
753,11500000,8,0,1
512,14200000,2,0,0
385,8100000,12,0,0
749,18800000,2,0,1
618,10100000,4,1,1
583,2500000,4,1,1
655,19900000,18,0,1
380,20900000,20,1,0
679,14700000,6,1,1
410,14800000,6,0,0
590,11500000,8,1,1
397,13800000,14,0,0
425,2100000,16,0,0
383,16400000,2,0,1
406,23900000,6,1,0
563,19800000,10,0,1
782,13400000,14,1,1
852,2200000,4,1,1
753,27800000,2,0,1
489,7600000,4,1,0
586,13800000,2,1,1
560,20800000,16,0,1
487,20600000,6,0,0
434,18300000,8,1,0
504,7000000,20,0,0
827,25300000,4,1,1
657,23300000,20,1,1
447,21400000,10,0,0
834,13600000,4,1,1
354,21700000,8,0,0
883,21000000,18,1,1
641,9900000,12,1,1
621,16900000,6,1,1
587,23300000,10,1,1
424,15400000,16,0,0
515,20500000,14,0,0
592,4700000,18,1,1
319,19900000,6,1,0
360,3900000,16,1,0
535,27100000,12,1,0
666,11400000,16,1,1
419,24600000,16,1,0
640,21900000,12,1,1
545,19700000,12,0,0
843,15300000,10,0,1
559,30900000,20,1,1
650,2000000,18,1,1
479,12300000,16,0,0
324,1000000,14,1,0
354,16700000,2,1,1
521,8400000,10,1,0
505,15900000,8,1,0
436,1700000,12,0,0
683,8100000,6,0,1
348,5800000,18,0,0
867,15700000,6,1,1
880,4100000,14,0,1
673,25500000,10,1,1
482,12600000,18,0,0
767,19600000,4,1,1
760,15800000,18,0,1
857,1900000,2,0,1
735,26700000,10,0,1
810,9300000,4,0,1
680,7200000,2,0,1
889,26900000,4,1,1
688,1500000,16,1,1
531,13700000,16,0,0
660,11100000,2,0,1
414,8800000,18,1,0
528,15800000,14,1,0
817,20000000,12,1,1
799,15300000,2,0,1
655,21400000,20,1,1
546,16200000,6,0,0
745,30800000,14,0,1
884,16900000,8,0,1
822,22000000,4,0,1
623,18700000,2,0,1
361,18900000,16,1,0
778,16200000,2,1,1
779,3800000,8,1,1
594,20700000,4,1,1
530,28300000,2,0,1
324,9300000,12,0,0
394,9000000,10,1,0
816,10400000,12,1,1
423,2300000,16,0,0
539,12800000,2,1,0
554,21000000,20,0,1
523,19000000,6,1,0
852,12000000,10,1,1
505,3700000,2,1,0
430,7900000,10,1,0
784,9200000,16,0,1
380,24000000,6,0,0
565,18600000,20,0,1
446,26900000,14,1,0
406,20200000,8,1,0
712,6000000,6,0,1
729,22600000,14,0,1
508,14600000,20,1,0
648,24900000,20,0,1
346,18700000,10,1,0
394,18500000,4,0,0
501,9700000,12,1,0
655,36300000,2,1,1
662,20900000,4,0,1
820,30800000,20,1,1
521,18900000,10,0,0
473,27900000,12,0,0
561,1200000,10,0,1
461,23100000,20,0,0
715,13800000,16,1,1
440,15600000,18,1,0
749,24900000,18,1,1
787,17400000,2,0,1
748,13900000,18,0,1
321,13600000,12,1,0
303,2300000,10,1,0
682,5400000,8,1,1
638,8600000,18,0,1
440,16600000,14,1,0
873,6600000,10,1,1
437,19700000,20,0,0
796,19700000,8,1,1
824,27200000,16,0,1
338,800000,6,0,0
575,14900000,12,1,1
773,16900000,8,1,1
733,19700000,2,1,1
475,10600000,14,1,0
677,15000000,10,0,1
403,17700000,6,0,0
767,25300000,12,1,1
813,21000000,2,1,1
597,25700000,20,0,1
896,31100000,8,1,1
810,13900000,6,1,1
337,2000000,14,0,0
792,26900000,18,0,1
784,1600000,6,0,1
434,30100000,12,1,0
384,32600000,10,1,0
642,24900000,10,0,1
314,29900000,8,0,0
606,25900000,2,0,1
843,17600000,14,1,1
778,7400000,10,0,1
718,25600000,8,0,1
437,20800000,20,1,0
586,700000,10,1,1
777,7000000,6,0,1
525,31700000,12,1,0
632,23100000,12,0,1
337,4800000,20,0,0
458,27900000,8,1,0
364,5400000,8,1,0
499,29800000,16,1,0
887,6500000,16,1,1
882,6300000,16,0,1
817,8700000,8,1,1
704,300000,10,1,1
742,4500000,12,1,1
393,11600000,4,1,1
828,4300000,18,0,1
779,21500000,12,1,1
860,21700000,6,1,1
432,10600000,2,0,1
532,30400000,20,1,0
678,3200000,2,1,1
601,27000000,6,0,1
807,23100000,8,1,1
879,16500000,16,0,1
665,11200000,18,0,1
697,9300000,16,1,1
867,21700000,14,0,1
544,15500000,8,0,0
482,20700000,20,0,0
857,22500000,18,0,1
549,21200000,12,0,0
720,30600000,10,1,1
302,4800000,8,0,0
669,2900000,12,1,1
591,27100000,6,0,1
440,15300000,6,0,0
890,26200000,16,0,1
663,28000000,8,0,1
433,22600000,14,1,0
317,22500000,10,0,0
360,14700000,16,0,0
727,26200000,8,0,1
685,8300000,4,1,1
373,4300000,8,0,0
469,14600000,8,0,0
548,10900000,8,1,0
618,29400000,20,0,1
658,15400000,8,0,1
781,28700000,18,0,1
715,35500000,2,0,1
409,8100000,4,0,0
504,20600000,10,1,0
428,21600000,16,1,0
704,16600000,20,0,1
834,18800000,12,0,1
694,34900000,14,0,1
453,13300000,20,1,0
404,35400000,14,1,0
776,22300000,12,0,1
526,28700000,16,1,0
641,1000000,8,1,1
582,12300000,6,0,1
778,20800000,18,0,1
763,28400000,10,0,1
650,19000000,12,0,1
820,9700000,2,1,1
824,13500000,12,1,1
718,12600000,4,1,1
313,13300000,14,1,0
751,26200000,10,0,1
520,300000,18,1,0
355,4700000,4,0,1
314,33600000,14,1,0
728,5900000,20,1,1
564,30100000,14,1,1
699,15300000,14,1,1
624,17000000,6,1,1
795,16800000,14,1,1
703,18600000,20,1,1
394,17300000,4,0,0
779,9900000,14,1,1
405,8800000,4,0,0
612,6700000,16,1,1
448,28100000,10,1,0
506,13700000,6,1,0
776,30400000,2,1,1
730,8600000,6,1,1
730,800000,20,0,1
345,17200000,2,0,0
847,11800000,2,0,1
398,23300000,20,0,0
307,9600000,2,1,0
852,23700000,16,0,1
364,27500000,6,0,0
552,15200000,12,1,1
421,8100000,2,0,1
588,9800000,12,0,1
763,3500000,6,1,1
823,17500000,20,1,1
642,24800000,10,0,1
647,16800000,12,0,1
886,8900000,20,0,1
518,26200000,4,0,0
515,26800000,20,1,0
340,12400000,8,1,0
521,1700000,14,1,0
330,2900000,12,1,0
474,26800000,2,1,1
898,35100000,6,0,1
436,9100000,12,0,0
326,21300000,10,0,0
876,9500000,18,1,1
597,17500000,20,0,1
436,16100000,14,0,0
640,22800000,18,1,1
302,22900000,16,0,0
476,23200000,16,0,0
393,22000000,14,0,0
506,10300000,10,0,0
418,37800000,10,0,0
865,13400000,6,0,1
703,28600000,2,0,1
568,12600000,2,1,1
425,5900000,2,0,0
305,11300000,12,0,0
456,20600000,6,1,0
602,2600000,2,0,1
814,3800000,20,1,1
640,24900000,2,0,1
817,15000000,4,0,1
361,29800000,20,0,0
839,20100000,14,0,1
592,27000000,20,0,1
498,24700000,6,1,0
847,12400000,6,1,1
643,29400000,16,1,1
389,10600000,4,1,1
381,17500000,20,1,0
400,14400000,16,1,0
718,12700000,16,1,1
309,12400000,8,1,0
838,7400000,2,0,1
678,21600000,14,1,1
826,4500000,14,1,1
348,3100000,16,1,0
476,19700000,6,1,0
666,26300000,8,1,1
896,4300000,20,1,1
547,7000000,20,0,0
405,13900000,2,1,1
498,4000000,16,0,0
779,24800000,8,0,1
403,31500000,8,1,0
709,12400000,8,0,1
507,6000000,6,0,0
368,9100000,18,0,0
760,14600000,16,1,1
796,16800000,6,0,1
876,5000000,6,0,1
673,4700000,14,0,1
747,11500000,4,1,1
589,13600000,12,0,1
382,18100000,8,0,0
900,2300000,12,1,1
628,25000000,18,1,1
667,25000000,12,0,1
778,26400000,2,1,1
831,17200000,18,1,1
320,27100000,4,0,1
656,9300000,16,0,1
896,8900000,6,0,1
320,7400000,4,1,1
751,10500000,10,0,1
523,17400000,2,0,1
584,10500000,6,0,1
630,20400000,2,0,1
472,8000000,14,1,0
802,18500000,16,1,1
547,6400000,18,1,0
726,2800000,16,1,1
712,18500000,8,0,1
790,10700000,6,0,1
396,600000,16,0,0
831,4200000,6,0,1
632,20900000,20,1,1
527,10800000,8,0,0
708,11100000,6,1,1
829,4200000,14,0,1
854,8100000,12,0,1
899,6700000,14,1,1
589,13400000,6,1,1
571,26000000,6,1,1
708,6400000,6,1,1
328,19600000,16,0,0
564,33500000,8,1,1
693,19000000,8,0,1
626,15000000,14,1,1
470,15600000,12,0,0
849,12500000,8,1,1
547,27800000,16,0,0
417,15100000,2,1,1
358,14900000,2,0,0
826,3100000,16,1,1
836,4200000,6,0,1
509,1700000,10,0,0
581,20500000,20,1,1
359,1100000,4,0,1
517,7100000,10,1,0
442,20100000,14,1,0
346,2700000,16,1,0
742,34000000,6,0,1
626,8100000,10,1,1
619,28800000,4,1,1
734,17900000,20,1,1
420,25600000,6,1,0
600,8300000,18,1,1
440,13200000,12,1,0
820,5200000,16,1,1
437,7800000,8,0,0
468,1400000,12,1,0
368,9100000,8,1,0
871,21900000,2,0,1
816,37900000,4,0,1
773,32800000,4,0,1
576,3000000,14,0,1
673,4500000,14,0,1
760,34100000,20,1,1
678,7500000,12,1,1
893,12000000,14,1,1
754,9000000,18,1,1
617,2200000,8,1,1
661,29500000,20,1,1
356,12100000,12,1,0
811,6300000,16,1,1
730,14600000,2,0,1
792,18000000,2,0,1
798,16000000,6,1,1
490,2900000,12,0,0
448,5500000,6,1,0
525,3100000,6,1,0
415,19200000,20,0,0
496,10600000,16,0,0
543,13100000,8,1,0
520,18400000,12,0,0
307,18000000,14,1,0
502,5700000,14,0,0
505,12000000,6,1,0
304,23100000,4,1,1
719,17500000,10,0,1
855,22700000,18,1,1
593,15800000,18,0,1
523,1400000,10,1,0
385,13100000,14,1,0
783,19300000,6,1,1
538,3900000,2,1,1
506,20100000,2,1,0
461,8600000,2,1,1
666,20000000,8,1,1
561,16300000,20,1,1
345,10800000,10,0,0
862,12500000,14,1,1
686,22300000,10,0,1
708,19600000,8,1,1
656,14800000,20,0,1
743,7000000,14,0,1
408,12100000,14,0,0
408,1300000,14,0,0
439,16500000,12,1,0
415,7100000,6,1,0
490,10600000,12,1,0
884,30000000,16,1,1
425,25400000,18,0,0
730,21700000,20,0,1
657,17300000,20,1,1
480,16800000,10,0,0
356,3100000,16,1,0
629,36000000,12,1,1
667,4700000,2,1,1
559,11500000,18,0,1
791,16000000,4,0,1
538,11300000,6,1,0
358,16000000,20,0,0
439,11700000,14,0,0
503,15300000,12,1,0
810,11900000,6,1,1
302,30600000,14,1,0
300,8800000,18,0,0
612,7200000,16,0,1
686,5000000,6,0,1
409,4900000,12,1,0
492,900000,6,0,0
498,21700000,20,1,0
611,10900000,18,1,1
776,11800000,6,1,1
779,13000000,6,0,1
560,27200000,16,1,1
308,5100000,6,1,0
786,12600000,18,0,1
597,29100000,8,0,1
811,12000000,12,0,1
862,13000000,12,1,1
369,14200000,12,1,0
687,23900000,4,1,1
500,19600000,12,1,0
746,500000,6,1,1
619,2100000,14,0,1
692,16700000,20,0,1
321,3300000,18,1,0
730,15000000,14,1,1
480,10800000,6,0,0
753,10700000,2,1,1
637,28900000,6,1,1
483,9000000,6,0,0
315,1100000,4,1,1
777,4100000,8,0,1
402,17700000,4,0,0
493,7700000,8,1,0
355,3100000,4,1,1
557,23600000,18,0,1
606,20000000,20,1,1
743,12200000,16,1,1
579,18400000,4,0,1
734,33100000,20,1,1
490,16100000,2,0,0
802,20500000,16,0,1
867,7400000,16,1,1
302,2200000,12,0,0
867,19900000,12,0,1
312,9900000,8,1,0
762,19100000,14,0,1
462,14700000,18,1,0
849,18200000,18,0,1
592,7400000,18,0,1
507,1400000,4,0,0
505,11400000,14,1,0
467,3200000,8,1,0
543,22900000,16,0,0
674,1100000,12,1,1
717,13500000,2,0,1
666,17000000,10,1,1
830,17300000,18,0,1
383,9400000,16,0,0
584,18900000,8,1,1
799,14200000,18,0,1
510,19400000,6,0,0
572,5900000,6,1,1
554,13100000,2,0,1
344,4800000,6,1,0
881,8600000,8,0,1
514,27200000,10,1,0
796,1800000,18,0,1
802,16200000,12,1,1
375,12500000,20,0,0
871,14700000,2,0,1
439,2900000,2,0,1
438,32000000,8,1,0
468,13700000,2,0,0
645,10200000,12,1,1
700,9200000,18,1,1
348,36700000,16,1,0
877,1400000,10,1,1
899,14900000,6,1,1
610,3500000,12,1,1
742,23900000,4,0,1
801,6600000,18,1,1
533,17100000,2,1,1
656,23900000,16,1,1
785,14300000,18,1,1
332,15700000,2,1,1
768,8100000,18,0,1
640,8600000,6,0,1
885,3100000,6,0,1
772,2000000,18,1,1
665,25600000,4,1,1
454,10500000,20,1,0
698,32500000,14,0,1
332,21300000,20,1,0
536,28300000,6,0,0
796,6500000,10,1,1
486,19900000,8,1,0
422,16800000,18,1,0
501,18500000,6,1,0
666,23500000,4,1,1
371,16500000,18,1,0
312,6900000,14,0,0
753,11000000,12,0,1
740,5200000,16,1,1
366,24000000,4,0,0
526,11100000,8,0,0
354,14800000,10,1,0
719,6300000,6,1,1
774,20100000,12,0,1
732,29100000,18,1,1
862,16000000,6,0,1
613,10800000,18,0,1
447,16500000,6,1,0
730,3000000,4,1,1
568,29600000,14,1,1
495,23600000,6,1,0
854,23600000,14,1,1
548,15200000,10,1,0
779,2700000,14,0,1
564,24800000,2,0,1
571,8200000,2,1,1
778,32600000,8,1,1
808,28400000,12,1,1
770,18600000,20,1,1
612,28400000,4,0,1
819,2700000,14,1,1
627,20200000,6,0,1
359,14700000,4,1,0
341,19100000,6,0,0
570,3600000,4,0,1
736,18100000,20,1,1
302,12900000,2,1,0
420,21000000,12,1,0
416,12000000,2,1,0
836,34800000,20,1,1
528,12700000,12,1,0
405,24900000,2,0,0
783,33400000,14,1,1
636,4000000,10,1,1
711,16800000,6,1,1
848,11800000,16,1,1
804,27800000,8,1,1
892,2800000,14,1,1
696,22800000,14,1,1
888,7600000,20,0,1
699,1400000,10,1,1
865,13000000,10,0,1
383,37300000,14,1,0
368,19300000,16,0,0
607,15800000,4,0,1
827,8900000,18,1,1
672,34000000,12,0,1
708,26700000,12,1,1
682,8800000,10,0,1
741,25500000,18,1,1
343,1200000,8,1,0
785,11100000,16,1,1
830,28000000,20,1,1
696,26700000,16,0,1
697,300000,12,0,1
351,11700000,2,1,1
556,21800000,10,0,1
895,31800000,2,0,1
534,8400000,10,1,0
736,29800000,12,0,1
629,5500000,16,1,1
657,16200000,20,1,1
839,11300000,12,0,1
589,25700000,18,0,1
805,4500000,6,0,1
729,13600000,20,1,1
399,7700000,6,0,0
413,6700000,8,0,0
321,13200000,16,1,0
853,7500000,2,1,1
400,23400000,6,1,0
630,16300000,16,1,1
557,21600000,20,1,1
358,7600000,2,0,0
510,16000000,10,1,0
554,9600000,14,1,1
596,27700000,4,1,1
659,18500000,8,0,1
322,30700000,10,1,0
852,21300000,14,1,1
653,14100000,18,0,1
737,9200000,12,1,1
583,18900000,2,1,1
873,10000000,16,1,1
595,27000000,20,0,1
871,11300000,20,1,1
603,18800000,12,1,1
801,29300000,14,0,1
723,9400000,4,0,1
630,22600000,18,1,1
368,9900000,20,1,0
759,22200000,12,0,1
382,3000000,18,1,0
645,2800000,16,1,1
878,6300000,6,0,1
350,23400000,12,0,0
720,17600000,6,1,1
673,28100000,10,1,1
448,8000000,6,0,0
720,16000000,4,1,1
300,12300000,2,0,1
520,28700000,20,0,0
794,15000000,12,0,1
875,10000000,8,1,1
533,12900000,14,1,0
776,23600000,6,0,1
706,11400000,6,0,1
710,10900000,2,0,1
333,18300000,4,1,0
787,6400000,4,1,1
569,18600000,12,0,1
427,20100000,16,1,0
640,27800000,16,0,1
312,8100000,16,0,0
464,30900000,12,1,0
490,22800000,8,1,0
431,10200000,12,0,0
500,24800000,4,0,1
511,12200000,14,0,0
691,25200000,18,0,1
696,24400000,14,1,1
437,27600000,2,1,1
335,20800000,12,1,0
671,25100000,4,0,1
621,3700000,12,1,1
455,6800000,10,1,0
856,500000,10,1,1
892,2100000,16,0,1
819,12900000,16,0,1
308,11600000,10,1,0
889,18600000,2,1,1
713,23200000,18,0,1
665,21000000,6,0,1
837,6000000,12,0,1
395,18000000,20,1,0
632,28900000,10,1,1
497,4300000,16,0,0
694,2700000,14,1,1
882,5600000,2,1,1
504,14900000,6,1,0
747,30100000,2,0,1
462,35300000,4,0,1
538,25900000,4,0,0
664,30900000,6,1,1
524,10900000,4,0,1
464,1400000,6,0,0
807,19100000,6,0,1
622,27200000,18,1,1
827,27800000,6,1,1
687,19000000,14,0,1
835,19400000,16,0,1
772,3300000,6,1,1
710,3200000,2,1,1
581,32500000,14,1,1
775,11700000,18,0,1
710,16000000,12,0,1
321,2500000,8,1,0
761,28300000,20,0,1
674,31400000,6,1,0
899,13000000,4,1,1
567,12300000,8,1,1
771,5400000,8,0,1
360,10600000,4,1,0
425,19600000,6,0,0
496,30000000,18,0,0
705,1600000,20,0,1
427,12400000,14,0,0
552,21000000,2,1,1
725,3700000,8,1,1
553,15600000,8,1,1
725,19100000,2,0,1
481,26100000,2,0,0
847,8600000,4,1,1
666,25700000,10,1,1
477,25400000,6,0,0
446,22100000,4,1,1
630,8200000,8,1,1
613,1100000,20,1,1
851,7500000,4,1,1
339,20600000,12,0,0
857,11100000,16,1,1
467,22100000,14,1,0
355,12900000,16,1,0
428,16400000,6,0,0
450,24000000,14,1,0
348,4600000,4,1,0
459,15000000,12,1,0
847,31000000,8,0,1
523,8300000,18,1,0
786,15200000,10,0,1
300,21200000,14,0,0
728,6500000,12,1,1
497,32000000,4,1,1
548,13700000,10,1,0
576,22900000,6,1,1
863,4100000,20,1,1
717,8400000,8,1,1
668,5900000,12,0,1
335,17400000,10,0,0
861,13600000,4,0,1
321,14900000,2,0,0
585,8300000,10,1,1
704,18500000,10,0,1
819,10300000,4,1,1
494,12400000,18,1,0
808,22500000,2,1,1
830,11000000,12,1,1
473,2800000,14,0,0
392,29800000,4,0,1
806,20300000,12,0,1
340,21400000,8,0,0
555,13900000,8,1,1
499,1200000,16,0,0
467,21300000,10,0,0
797,6600000,4,0,1
762,1300000,18,1,1
562,36500000,16,1,1
492,21800000,2,0,0
824,1700000,4,1,1
602,5700000,10,0,1
722,18300000,10,1,1
709,28400000,6,0,1
302,1400000,4,0,1
364,12300000,6,0,0
389,23800000,12,1,0
786,20000000,16,1,1
434,11500000,8,0,0
671,18100000,6,1,1
376,14700000,8,1,0
898,32200000,6,0,1
836,15500000,10,1,1
515,4400000,6,1,0
360,24800000,20,0,0
691,12800000,2,1,1
510,9100000,14,1,0
389,23200000,18,0,0
348,19000000,14,1,0
504,8100000,2,1,1
658,21300000,20,0,1
641,5400000,16,1,1
327,19800000,20,0,0
726,20300000,18,1,1
828,34100000,20,1,1
755,14500000,12,0,1
788,7600000,20,1,1
832,25100000,20,0,1
554,8200000,4,0,1
811,26200000,8,1,1
649,12000000,2,1,1
830,9700000,20,1,1
707,11700000,6,1,1
483,33700000,10,1,0
349,5500000,18,1,0
846,1500000,4,0,1
386,31500000,20,0,0
408,19200000,12,0,0
764,3900000,2,1,1
473,3200000,18,1,0
654,9800000,12,0,1
551,22800000,2,0,1
850,21800000,6,0,1
646,24200000,4,0,1
793,2100000,8,1,1
551,19900000,16,0,1
346,2600000,4,0,0
540,19100000,14,1,0
892,9000000,20,0,1
570,20700000,6,1,1
874,11300000,16,1,1
553,12600000,8,0,1
649,34500000,10,0,1
439,15800000,14,0,0
621,24800000,8,0,1
872,18600000,14,0,1
492,18500000,8,0,0
618,18600000,6,0,1
458,15800000,18,0,0
422,13900000,4,0,0
873,30900000,20,1,1
610,10000000,14,0,1
546,13200000,20,1,0
741,7200000,8,1,1
754,8200000,6,0,1
379,15100000,8,0,0
455,16900000,18,0,0
615,9000000,20,1,1
384,21700000,10,1,0
628,25100000,16,0,1
865,11200000,16,0,1
679,5300000,2,0,1
689,19000000,14,1,1
636,13800000,10,1,1
837,6600000,20,0,1
557,8500000,12,0,1
324,1700000,10,0,0
531,9300000,14,1,0
476,21400000,14,1,0
775,8500000,4,0,1
477,18000000,20,1,0
682,19800000,16,1,1
334,17700000,12,0,0
565,23900000,12,1,1
340,25700000,2,1,0
322,11000000,14,0,0
883,10700000,8,1,1
346,12800000,16,1,0
861,20200000,2,1,1
699,21900000,12,1,1
629,27200000,8,0,1
359,3100000,14,0,0
430,27000000,10,0,0
417,3300000,18,0,0
896,5200000,6,0,1
690,3900000,16,0,1
347,22800000,16,0,0
539,7000000,4,0,0
464,8000000,8,1,0
310,16200000,4,0,0
431,36600000,6,0,0
489,10000000,12,0,0
775,13900000,12,1,1
365,600000,6,0,0
555,4500000,10,1,1
457,29600000,10,1,0
580,12400000,8,0,1
496,7200000,20,0,0
837,11400000,16,0,1
455,13200000,6,1,0
551,9700000,20,1,1
825,20700000,10,1,1
554,4200000,18,1,1
400,5200000,18,1,0
853,34300000,10,0,1
403,18800000,14,1,0
392,1500000,6,0,0
673,19000000,20,0,1
498,7100000,10,1,0
858,2600000,6,0,1
477,14300000,20,1,0
548,28200000,12,1,0
300,23900000,6,1,0
483,800000,12,1,0
384,5800000,20,0,0
894,35200000,10,0,1
492,14800000,10,0,0
607,25700000,4,1,1
701,2400000,16,0,1
890,19700000,20,1,1
808,14600000,10,1,1
596,7400000,20,1,1
421,6200000,14,1,0
495,14900000,20,1,0
604,9800000,6,0,1
509,32600000,4,0,1
852,600000,8,1,1
893,6700000,16,1,1
874,33000000,14,1,1
386,500000,6,1,0
590,18100000,4,0,1
510,23500000,14,0,0
523,25600000,6,1,0
461,6700000,8,1,0
832,5600000,2,0,1
896,9600000,18,1,1
732,26000000,2,1,1
301,13900000,16,1,0
701,15800000,4,0,1
502,4000000,14,0,0
742,19500000,12,0,1
755,5000000,2,0,1
834,7100000,2,0,1
394,18400000,12,1,0
663,19700000,4,1,1
649,20300000,10,0,1
738,23200000,14,1,1
524,2000000,4,0,0
855,14600000,16,0,1
304,5400000,20,1,0
532,3800000,12,1,0
584,8500000,6,1,1
447,28700000,4,0,1
852,19900000,14,0,1
368,13100000,2,1,0
447,28900000,10,1,0
867,11400000,20,0,1
397,17600000,12,1,0
798,19400000,20,0,1
530,26300000,20,1,0
356,9900000,16,0,0
718,24000000,18,0,1
459,13000000,10,0,0
571,22200000,8,0,1
412,20500000,8,0,0
604,12500000,20,1,1
449,20600000,16,1,0
778,5300000,12,0,1
476,21200000,16,0,0
727,10400000,12,1,1
818,18500000,8,0,1
738,19300000,16,1,1
546,18200000,16,1,0
471,14100000,2,0,0
860,10600000,4,0,1
364,4400000,4,1,0
557,25300000,20,1,1
612,20700000,12,1,1
414,19300000,6,1,0
372,2900000,4,0,0
466,11600000,12,0,0
348,19800000,20,1,0
597,17200000,4,1,1
791,11000000,8,1,1
400,1800000,12,1,0
813,18700000,16,1,1
675,15400000,4,1,1
324,18200000,18,0,0
693,3600000,8,0,1
491,13700000,8,1,0
559,9800000,8,1,1
392,4900000,16,0,0
532,18600000,18,0,0
592,29400000,8,0,1
459,23100000,4,0,0
627,1200000,4,1,1
462,6100000,2,0,1
600,24700000,14,1,1
366,6200000,18,0,0
356,9700000,14,1,0
590,2300000,16,0,1
485,28900000,4,1,1
617,1700000,18,1,1
664,2600000,8,1,1
583,27900000,8,0,1
859,400000,18,1,1
504,7300000,14,0,0
688,2300000,16,0,1
422,5700000,2,0,1
746,27000000,8,1,1
317,17500000,20,0,0
701,20200000,6,1,1
754,6000000,16,1,1
515,600000,10,1,0
670,8800000,12,1,1
407,4000000,8,1,0
884,10900000,12,1,1
882,400000,20,1,1
595,24700000,6,1,1
757,22900000,4,1,1
386,8500000,4,1,0
756,11100000,18,1,1
453,25700000,12,0,0
316,25200000,8,0,0
703,7700000,6,0,1
753,3200000,8,0,1
621,23500000,2,0,1
852,9100000,10,1,1
301,9400000,12,1,0
359,29300000,10,1,0
534,6600000,16,0,0
704,20000000,10,1,1
662,13700000,16,1,1
599,31100000,18,0,1
319,5400000,4,0,1
549,19400000,16,0,0
443,21000000,12,1,0
550,26700000,10,1,1
393,8000000,18,0,0
488,15100000,8,1,0
845,11800000,16,0,1
382,19000000,2,0,1
357,7500000,12,0,0
815,27500000,16,1,1
368,26000000,16,0,0
674,19800000,16,0,1
335,23900000,10,0,0
355,12600000,2,1,0
510,17500000,6,0,0
698,17800000,4,0,1
408,8200000,18,1,0
401,13100000,18,1,0
418,14000000,14,1,0
697,21300000,4,0,1
683,12200000,14,0,0
763,31500000,16,1,1
336,11400000,6,0,0
693,8300000,10,1,1
745,23900000,18,0,1
629,22500000,18,0,1
581,23300000,16,0,1
672,29600000,4,0,1
700,20100000,4,1,1
787,4400000,14,0,1
300,8000000,8,1,0
655,16100000,4,0,1
572,13300000,12,1,1
663,16400000,2,1,1
726,10700000,16,0,1
680,12300000,12,1,1
685,2700000,2,0,1
762,23100000,6,1,1
768,17200000,18,0,1
504,11100000,8,0,0
796,20500000,12,1,1
348,2900000,18,0,0
717,13100000,6,1,1
565,34200000,4,1,1
647,10900000,6,0,1
626,10900000,2,0,1
554,24700000,6,0,1
864,11500000,20,1,1
406,12500000,6,0,0
650,1800000,10,0,1
534,16500000,8,1,0
872,2600000,8,0,1
845,16500000,12,0,1
792,16300000,14,1,0
544,1200000,18,0,0
552,13000000,10,1,1
837,14900000,12,0,1
845,21300000,18,1,1
677,24100000,10,1,1
430,18300000,20,0,0
887,22500000,12,1,1
544,19400000,8,1,0
355,18300000,10,1,0
540,17500000,4,0,0
444,16000000,14,0,0
567,14900000,14,0,1
513,6500000,20,1,0
590,7100000,10,0,1
368,8500000,20,1,0
413,7600000,6,0,0
401,13600000,4,1,0
687,5400000,18,0,1
577,14100000,14,0,1
576,700000,10,0,1
687,23400000,16,0,1
474,11600000,12,0,0
709,4400000,6,0,1
438,20200000,18,1,0
306,25300000,4,1,1
383,13900000,20,1,0
563,4700000,20,0,1
371,3200000,20,1,0
379,4200000,12,0,0
897,30200000,18,0,1
725,25400000,10,1,1
678,31500000,16,0,1
724,14800000,6,1,1
808,2500000,6,1,1
625,18400000,8,0,1
771,16800000,4,0,1
695,22400000,14,0,1
564,3300000,2,0,1
349,14500000,10,1,0
797,900000,4,1,1
391,28800000,8,0,0
833,5400000,12,0,1
515,9100000,10,0,0
671,10400000,16,1,1
404,6900000,4,1,1
537,14800000,6,0,0
348,5100000,4,1,1
647,6300000,12,1,1
316,28700000,14,1,0
638,26700000,14,0,1
363,2100000,12,1,0
808,21200000,6,1,1
871,9400000,2,1,1
607,17000000,12,1,1
571,22500000,6,1,1
446,25700000,18,1,0
436,6400000,20,1,0
738,14100000,12,1,1
519,9400000,10,0,0
531,8300000,8,1,0
578,3400000,18,0,1
578,21100000,20,0,1
442,18100000,14,0,0
751,16900000,6,0,1
353,18800000,10,1,0
664,26600000,12,0,1
505,26600000,18,0,0
571,16600000,10,1,1
754,34600000,16,1,1
858,3900000,20,0,1
641,21800000,20,1,1
592,35500000,16,1,1
432,20300000,14,1,0
558,33800000,18,1,1
547,14200000,12,1,0
732,9800000,18,0,1
784,19300000,12,1,1
605,31900000,10,1,1
688,19500000,18,1,1
617,32100000,10,1,1
518,2400000,4,1,1
390,14800000,10,0,0
370,6300000,4,0,0
802,21300000,4,1,1
338,15500000,12,1,0
658,11700000,6,0,1
595,6700000,12,0,1
594,8500000,20,1,1
611,4100000,14,1,1
799,5800000,8,0,1
497,18600000,20,0,0
456,15900000,18,1,0
396,500000,8,0,0
770,2300000,10,0,1
797,9000000,16,0,1
586,18700000,20,0,1
604,23400000,16,0,1
799,12800000,8,1,1
763,26400000,4,0,1
725,23000000,14,0,1
336,8800000,18,0,0
495,2300000,6,1,0
431,11500000,20,0,0
415,2200000,2,0,0
451,20400000,6,1,0
489,14300000,4,0,0
415,4600000,12,0,0
425,8100000,12,0,0
453,4600000,14,1,0
634,11800000,20,1,1
519,300000,20,0,0
353,2100000,6,1,0
767,3200000,4,0,1
473,16900000,14,1,0
801,21300000,2,1,1
543,2300000,16,0,0
714,17200000,12,0,1
830,4100000,12,0,1
401,15300000,4,0,1
518,26400000,6,0,0
367,2300000,20,1,0
493,12000000,12,1,0
505,22700000,14,1,0
322,26500000,16,0,0
735,900000,8,0,1
622,6700000,2,1,1
513,16400000,6,1,0
585,4100000,16,1,1
813,3000000,10,1,1
622,10400000,18,0,1
899,6300000,16,1,1
459,4700000,2,0,0
369,33300000,18,0,0
601,37700000,6,0,1
703,2700000,18,0,1
597,14600000,20,0,1
670,13300000,10,1,1
366,2800000,6,1,0
857,27800000,16,0,1
401,15000000,16,0,0
437,8800000,4,0,1
882,17600000,8,0,1
392,15500000,8,0,0
421,7700000,10,1,0
722,400000,6,0,1
692,14700000,10,0,1
537,20700000,2,0,0
676,5500000,8,1,1
817,8100000,6,0,1
433,10800000,20,0,0
524,16300000,6,1,0
490,24400000,20,1,0
595,14300000,4,1,1
835,11000000,2,0,1
850,28300000,6,0,1
409,2500000,4,1,1
760,12800000,10,1,1
344,17600000,14,1,0
881,27100000,12,1,1
600,24500000,10,1,1
790,19900000,10,0,1
392,31200000,20,1,0
748,4100000,2,1,1
798,18800000,6,1,1
323,11400000,4,0,1
413,5400000,6,1,0
733,2900000,8,0,1
543,10500000,16,0,0
757,10900000,14,0,1
464,6800000,8,1,0
749,6900000,4,0,1
680,2200000,6,0,1
574,20900000,4,0,1
774,800000,18,1,1
387,18700000,10,0,0
397,16400000,20,0,0
816,13500000,14,0,1
845,6700000,8,1,1
743,1500000,4,0,1
418,600000,4,0,0
466,10700000,6,0,0
335,2300000,12,1,0
446,15200000,6,1,0
868,29400000,2,1,1
763,25300000,4,1,1
527,13700000,14,1,0
741,12700000,2,0,1
802,26800000,12,1,1
538,28900000,8,1,0
523,16300000,4,1,1
381,8300000,14,0,0
534,7000000,4,1,0
574,2200000,14,1,1
405,11100000,6,0,0
542,3800000,16,0,0
820,25400000,14,1,1
505,13400000,2,0,0
508,16400000,2,1,0
835,15000000,20,1,1
826,22000000,12,0,1
427,18900000,12,1,0
890,2000000,12,0,1
333,13300000,2,0,0
679,20000000,12,1,1
805,12300000,18,0,1
826,11000000,16,0,1
844,23900000,10,1,1
663,14100000,10,1,1
884,21900000,6,0,1
508,3700000,2,0,1
581,6900000,4,1,1
481,26300000,12,1,0
543,30000000,12,1,0
448,12600000,10,1,0
713,5300000,4,1,1
493,17300000,16,1,0
819,9200000,10,0,1
827,1400000,18,0,1
398,15700000,10,0,0
692,7500000,18,1,1
509,14600000,18,1,0
439,18100000,16,1,0
622,9400000,4,0,1
526,700000,18,1,0
865,19000000,8,1,1
328,27400000,2,1,0
768,4200000,4,1,1
854,24000000,16,1,1
839,20800000,4,0,1
414,23300000,18,1,0
530,4700000,16,1,0
841,14600000,10,0,1
670,5700000,14,1,1
726,20900000,14,1,1
352,8300000,14,0,0
554,16000000,4,1,1
728,1800000,18,0,1
463,25500000,6,0,0
431,5000000,10,1,0
445,1900000,8,1,0
896,3000000,4,0,1
420,5200000,8,1,0
315,30900000,2,0,1
867,20900000,10,0,1
342,26000000,2,1,1
711,11800000,18,1,1
723,20900000,2,0,1
704,11300000,4,1,1
842,20200000,16,0,1
600,15200000,12,1,1
688,25600000,12,0,1
739,2300000,16,0,1
798,2800000,10,1,1
319,9900000,4,1,0
583,8700000,6,1,1
535,11500000,12,1,0
696,25900000,8,1,1
672,23900000,8,0,1
410,12300000,20,0,0
546,11600000,14,0,0
550,16800000,16,1,1
344,1400000,4,0,0
743,38200000,10,1,1
772,36400000,4,0,1
302,29900000,12,1,0
376,9100000,18,1,0
747,11600000,10,1,1
710,15800000,6,1,1
892,24200000,6,0,1
492,11500000,16,0,0
559,17700000,2,0,1
314,8300000,18,0,0
744,8400000,6,1,1
690,18000000,12,0,1
347,23300000,4,1,1
677,31400000,2,1,1
468,15700000,4,0,1
674,17500000,4,0,1
353,27300000,14,0,0
727,14100000,8,0,1
512,22200000,10,1,0
454,27200000,18,1,0
315,12400000,14,0,0
480,22700000,10,1,0
685,24200000,16,1,1
460,17900000,6,0,0
704,28400000,16,1,1
692,23900000,12,1,1
398,9600000,4,1,0
882,3500000,18,1,1
860,25900000,4,1,1
330,15100000,18,1,0
447,2400000,16,0,0
788,23800000,12,1,1
526,28900000,6,0,0
577,28400000,18,0,1
372,23400000,16,1,0
759,21000000,14,1,1
465,12700000,10,1,0
789,10200000,4,0,1
680,17900000,2,1,1
681,25700000,20,0,1
673,22300000,16,1,1
313,22900000,10,0,0
551,18800000,16,0,1
453,24400000,8,1,0
650,22700000,4,0,1
439,4500000,4,0,1
658,9600000,4,0,1
379,18900000,6,1,0
450,10700000,4,1,1
849,8200000,4,0,1
865,1600000,18,0,1
853,6900000,10,0,0
555,4900000,12,0,1
821,20700000,20,0,1
820,4700000,2,0,1
721,15300000,4,0,1
831,24000000,20,1,1
571,12600000,18,0,1
582,4900000,8,1,1
487,13600000,18,1,0
758,19700000,12,0,1
636,30100000,16,1,1
857,20700000,16,0,1
678,12500000,8,1,1
551,15800000,8,0,1
668,24900000,16,0,1
672,23400000,2,0,1
439,13700000,4,0,1
636,19600000,16,1,1
393,6000000,14,1,0
848,8200000,2,0,1
790,17600000,4,1,1
312,19900000,6,0,0
775,19500000,14,1,1
403,18600000,20,0,0
867,26400000,14,1,1
558,17800000,18,0,1
548,6000000,4,0,1
486,28200000,16,0,0
635,11600000,6,0,1
538,20700000,2,0,1
496,28200000,14,0,0
411,4800000,6,1,0
857,10700000,6,0,1
360,18100000,10,1,0
461,35900000,18,0,0
638,14900000,16,1,1
865,19300000,6,0,1
449,13600000,4,0,0
870,4700000,2,1,1
815,19500000,6,0,1
454,7200000,16,1,0
783,9900000,18,1,1
543,7400000,2,1,0
786,10900000,2,1,1
395,2500000,20,1,0
885,1300000,2,1,1
488,10600000,20,0,0
829,19900000,10,1,1
677,15400000,6,0,1
645,14400000,12,1,1
788,27600000,10,1,1
649,22400000,6,0,1
519,23100000,4,0,0
772,11200000,14,1,1
330,6100000,12,0,0
557,21500000,4,1,1
334,19000000,6,1,0
487,28400000,12,1,0
539,9700000,8,1,0
710,8100000,8,1,1
879,1700000,20,1,1
512,22000000,10,1,0
561,27300000,18,1,1
539,11600000,6,1,0
544,2000000,18,1,0
631,4600000,16,1,1
546,6800000,20,0,0
569,5600000,14,1,1
384,17900000,6,0,0
583,9000000,6,1,1
517,15500000,12,1,0
420,5800000,18,1,0
644,12900000,18,1,1
349,14500000,8,0,0
662,25300000,18,0,1
704,6400000,20,1,1
324,15500000,2,1,0
757,1700000,18,0,1
361,23000000,16,1,0
415,5400000,4,0,1
618,13800000,18,1,1
524,27100000,8,0,0
887,4100000,18,0,1
729,31100000,12,1,1
774,18600000,14,0,1
724,700000,20,1,1
320,2700000,16,1,0
590,6400000,16,0,1
796,25300000,8,0,1
890,19200000,6,1,1
651,4600000,16,1,1
634,10100000,12,0,1
660,2800000,2,1,1
512,3500000,12,0,0
900,9100000,2,1,1
823,11100000,20,1,1
880,28400000,12,1,1
439,2600000,2,1,1
441,17100000,2,1,0
360,18500000,6,0,0
561,33700000,14,1,1
758,32500000,4,1,1
621,20600000,18,0,1
621,5900000,18,1,1
342,21000000,12,0,0
552,10800000,4,0,1
376,500000,18,0,0
801,4300000,12,0,1
512,16300000,4,1,1
497,15200000,18,0,0
386,17200000,8,0,0
683,26100000,2,1,1
779,24100000,16,0,1
876,17700000,6,1,1
515,16500000,18,1,0
463,19300000,12,0,0
486,26700000,4,1,1
328,13000000,6,0,0
343,30600000,10,0,0
712,27800000,8,1,1
607,11900000,6,0,1
812,16200000,4,0,1
589,7700000,16,1,1
657,21800000,18,0,1
453,2800000,12,0,0
889,19700000,14,1,1
564,17200000,4,1,1
419,900000,20,1,0
663,34000000,16,0,1
884,12100000,4,0,1
528,16800000,16,1,0
475,1300000,12,0,0
695,5100000,20,1,1
759,10500000,10,0,1
636,9600000,4,0,1
546,20400000,10,1,0
639,17100000,2,1,1
388,4000000,10,0,0
594,20000000,12,1,1
760,11100000,6,1,1
582,16900000,16,1,1
896,600000,6,0,1
891,21800000,18,1,1
495,1700000,2,1,0
865,15300000,16,1,1
775,20800000,12,0,1
318,26400000,10,1,0
395,12700000,12,1,0
772,13100000,14,0,1
318,16100000,18,1,0
649,20900000,14,1,1
438,3100000,10,0,0
588,19700000,6,0,1
815,5600000,2,0,1
364,22100000,4,1,0
586,32300000,4,0,1
555,25300000,12,0,1
312,4600000,10,0,0
605,17100000,16,1,1
672,23200000,18,0,1
591,4500000,18,1,1
321,11000000,4,1,0
393,13400000,16,0,0
561,21800000,2,1,1
725,6900000,20,1,1
438,27600000,16,1,0
399,21400000,12,1,0
592,5400000,8,0,1
835,8600000,8,0,1
733,5300000,4,1,1
484,10600000,20,0,0
615,1800000,20,1,1
591,19500000,4,1,1
349,6800000,12,1,0
478,29900000,18,1,0
633,7800000,20,0,1
378,30900000,8,1,0
461,5300000,20,0,0
834,7000000,2,1,1
671,5800000,20,0,1
524,5800000,10,1,0
816,20700000,4,0,1
729,11700000,10,0,1
307,12700000,8,1,0
350,19100000,8,1,0
444,16600000,10,1,0
895,26700000,10,0,1
708,10500000,20,0,1
355,17600000,2,1,0
756,5100000,6,0,1
719,12000000,4,0,1
439,35400000,14,1,0
668,15900000,10,1,1
765,16500000,2,1,1
476,1500000,4,1,1
781,21700000,14,0,1
350,12700000,4,0,1
783,12200000,16,0,1
770,19900000,12,1,1
822,28300000,10,0,1
469,22500000,14,1,0
300,13000000,16,0,0
692,22400000,14,0,1
707,700000,18,0,1
658,29100000,4,1,1
625,4000000,6,0,1
343,26700000,10,0,0
358,7300000,18,0,0
705,11500000,20,1,1
799,15100000,8,1,1
397,33700000,12,0,0
493,12200000,6,0,0
446,21900000,4,1,1
315,7200000,16,1,0
887,15700000,14,1,1
429,20500000,16,1,0
673,15100000,18,1,1
731,29100000,10,1,1
732,11500000,2,1,1
525,16400000,14,1,0
343,5500000,6,0,0
331,11000000,16,1,0
845,26200000,18,0,1
696,6200000,16,0,1
772,8700000,14,0,1
628,15800000,18,1,1
764,19100000,2,1,1
553,6900000,14,0,1
653,20000000,2,0,1
506,20000000,4,0,1
431,8500000,20,0,0
697,12300000,18,1,1
588,24500000,6,0,1
846,5600000,6,0,1
379,11000000,14,0,0
745,700000,10,0,1
523,34500000,20,0,0
624,25400000,4,1,1
407,16700000,16,0,0
756,11600000,12,1,1
351,8300000,16,1,0
373,13400000,18,0,0
461,2400000,2,1,1
672,28100000,12,0,1
434,9500000,10,1,0
541,21400000,12,1,0
413,29300000,2,1,1
592,7600000,4,0,1
665,1400000,10,1,1
313,23900000,4,0,1
673,19600000,14,0,1
382,6000000,8,1,0
661,21100000,12,0,1
576,1700000,4,1,1
443,1200000,14,0,0
307,21700000,16,1,0
656,4800000,12,1,1
885,21200000,4,1,1
896,16600000,20,0,1
802,14100000,2,0,1
650,22700000,2,1,1
665,8900000,10,1,1
339,35700000,12,0,0
447,32400000,20,0,0
613,2400000,18,1,1
424,7200000,16,0,0
667,20800000,6,0,1
715,18300000,18,1,1
654,9100000,18,1,1
549,17800000,20,0,0
373,29700000,4,1,1
332,7200000,16,1,0
534,31500000,20,0,0
396,17900000,8,0,0
892,3700000,18,0,1
602,21300000,14,0,1
615,36100000,10,1,1
482,23300000,20,1,0
397,20100000,16,0,0
464,3400000,10,0,0
832,3400000,14,1,1
802,34800000,12,0,1
628,23900000,18,0,1
694,18800000,10,0,1
741,9300000,20,1,1
748,10900000,14,1,1
320,12800000,4,0,1
774,11700000,10,0,1
500,32000000,2,1,1
706,4000000,18,0,1
601,18300000,10,0,1
806,17400000,16,0,1
644,9600000,6,1,1
723,12900000,14,1,1
509,1500000,12,1,0
898,6600000,4,0,1
567,12000000,2,1,1
715,2100000,6,0,1
854,3500000,10,1,1
523,12300000,8,1,0
534,35900000,8,1,0
470,7600000,18,1,0
619,3500000,18,0,1
572,12800000,20,1,1
365,3500000,16,0,0
791,18000000,16,0,1
424,18100000,12,1,0
726,10200000,12,0,1
736,9900000,2,0,1
488,12800000,14,1,0
400,7600000,10,1,0
311,12200000,20,1,0
504,16800000,2,1,1
312,18600000,20,1,0
587,6500000,14,1,1
317,10500000,20,0,0
463,29000000,2,0,1
842,34000000,16,1,1
616,11800000,20,1,1
800,19400000,8,0,1
813,2100000,12,1,1
564,24800000,12,0,1
837,14700000,12,0,1
735,9400000,16,1,1
724,5200000,16,1,1
658,23900000,12,0,1
858,31800000,16,0,1
614,8500000,8,1,1
714,25600000,16,1,1
605,4600000,20,1,1
875,5500000,8,1,1
359,10900000,6,1,0
441,24100000,6,1,0
790,25200000,18,0,1
821,13600000,4,1,1
375,33300000,16,0,0
545,9600000,10,0,0
891,3900000,4,1,1
486,14000000,8,0,0
696,9900000,4,0,1
683,11100000,4,1,1
594,27100000,8,0,1
529,2500000,20,1,0
429,26300000,4,0,1
400,25000000,4,1,0
848,17500000,4,0,1
489,21500000,6,0,0
326,6600000,10,0,0
663,6100000,8,0,1
729,5100000,18,0,1
398,10700000,4,1,1
856,16700000,14,1,1
347,19900000,20,1,0
696,19300000,12,0,1
353,17100000,8,1,0
756,34300000,20,1,1
490,5400000,16,0,0
531,18000000,10,1,0
679,16600000,4,1,1
877,1800000,8,1,1
817,11000000,20,0,1
792,23300000,18,0,1
664,12800000,18,1,1
882,21300000,16,1,1
768,7700000,10,1,1
787,27100000,12,0,1
538,900000,12,1,0
347,18000000,8,0,0
317,5200000,16,1,0
713,14500000,2,1,1
683,12300000,10,0,1
765,28100000,18,1,1
803,3200000,10,0,1
405,29700000,6,1,0
529,4900000,4,0,0
801,19400000,6,1,1
707,30700000,12,0,1
349,7200000,8,0,0
885,8700000,20,0,1
489,23800000,4,1,1
341,2600000,6,1,0
637,20000000,12,0,1
304,31400000,4,1,1
537,6700000,16,0,0
503,4600000,12,1,0
720,14300000,12,0,1
509,36800000,10,0,0
360,16400000,6,0,0
818,31800000,16,0,1
716,21200000,8,1,1
360,14800000,12,1,0
895,26700000,10,1,1
328,13500000,8,0,0
812,26600000,2,0,1
456,33100000,16,1,0
566,3900000,16,1,1
598,25000000,20,0,1
656,9300000,6,0,1
895,28700000,2,0,1
653,12800000,14,0,1
641,1800000,16,1,1
544,16500000,8,0,0
811,14100000,20,1,1
460,26900000,10,0,0
795,12500000,12,1,1
745,10300000,4,1,1
606,20100000,16,0,1
451,14200000,6,0,0
479,11800000,8,1,0
495,2400000,14,0,0
769,30200000,14,0,1
639,11800000,4,1,1
723,12500000,18,0,1
623,26100000,16,0,1
487,20800000,6,1,0
743,30100000,2,0,1
754,16900000,12,0,1
552,21600000,10,0,1
560,27300000,10,1,1
632,10800000,14,1,1
339,16700000,18,0,0
881,3100000,4,0,1
535,23600000,20,1,0
563,17200000,4,0,1
615,8200000,14,0,1
795,3300000,8,0,1
878,28700000,14,0,1
633,14000000,6,1,1
533,13900000,4,0,0
795,6800000,12,1,1
374,11000000,4,0,0
848,22900000,12,1,1
890,16200000,12,0,1
444,9800000,14,0,0
803,28500000,4,0,1
618,1900000,18,1,1
845,20300000,14,1,1
833,10800000,12,0,1
767,19300000,12,1,1
747,4000000,16,1,1
588,7000000,4,0,1
582,24500000,20,0,1
348,20400000,14,0,0
726,9400000,4,0,1
482,31200000,6,1,0
565,30000000,16,1,1
872,2400000,16,0,1
825,1300000,4,1,1
694,22300000,8,1,1
448,30800000,20,1,0
452,18000000,12,1,0
897,17900000,12,0,1
803,20200000,10,0,1
828,900000,8,1,1
832,7500000,6,0,1
861,5500000,6,1,1
535,15900000,2,0,0
363,19400000,16,1,0
631,28600000,8,1,1
513,20700000,6,0,0
317,16200000,16,1,0
809,19500000,2,0,1
531,8200000,10,0,0
544,4800000,14,1,0
366,7800000,14,0,0
797,12700000,14,0,1
597,12000000,16,0,1
632,22500000,12,1,1
741,28300000,12,0,1
331,800000,20,0,0
426,16500000,8,0,0
533,26500000,8,0,0
394,22700000,16,0,0
877,25100000,14,0,1
527,28000000,8,0,0
468,12700000,8,0,0
611,19600000,18,1,1
832,17200000,6,0,1
508,22700000,18,0,0
840,13500000,20,0,1
794,7600000,14,0,1
889,17800000,12,0,1
765,500000,16,0,1
518,18600000,16,1,0
694,17100000,4,0,1
663,2300000,8,0,1
662,8900000,2,0,1
642,14400000,14,0,1
701,3900000,10,0,1
632,30100000,6,1,1
861,4400000,2,1,1
784,33300000,12,1,1
332,18200000,4,1,1
763,3400000,2,1,1
593,19100000,2,1,1
512,8800000,6,0,0
655,13300000,6,0,1
369,24700000,8,0,0
348,3100000,14,0,0
736,16800000,10,1,1
353,24000000,20,0,0
478,11300000,16,0,0
827,3000000,4,1,1
517,16900000,12,1,0
648,24700000,18,1,1
689,23800000,10,1,1
550,9100000,20,0,1
826,12900000,20,1,1
599,19200000,14,0,1
815,18500000,16,0,1
761,1400000,4,1,1
432,15000000,20,1,0
442,9200000,18,1,0
620,23300000,6,1,1
476,6500000,4,0,0
837,34900000,6,0,1
510,18000000,6,1,0
849,16100000,18,1,1
737,2100000,8,0,1
809,16200000,10,0,1
520,23000000,8,0,0
834,22500000,16,0,1
397,32100000,8,0,0
438,24700000,14,0,0
820,19700000,18,1,1
323,4600000,20,0,0
837,20300000,14,1,1
571,10100000,2,1,1
479,16300000,14,0,0
533,22100000,6,1,0
899,17200000,8,1,1
460,26600000,16,0,0
636,12500000,2,0,1
434,20600000,20,0,0
516,6900000,18,0,0
382,24600000,2,0,0
616,2800000,12,1,1
745,11600000,6,0,1
697,3400000,6,0,1
364,12300000,6,0,0
566,6900000,2,1,1
462,21900000,12,0,0
331,31900000,2,0,1
839,10300000,12,1,1
702,14000000,4,1,1
580,17900000,2,1,1
560,2800000,10,0,1
845,25700000,14,1,1
392,8500000,4,1,1
387,4900000,16,0,0
749,6300000,12,1,1
727,20000000,14,1,1
656,7400000,14,1,1
643,17500000,20,1,1
307,16800000,4,1,1
588,5000000,16,0,1
895,22300000,20,1,1
351,29400000,10,1,0
891,16400000,12,0,1
442,4900000,4,1,0
686,19500000,20,0,1
432,8200000,20,1,0
766,20900000,14,0,1
561,17200000,6,0,1
539,19000000,2,0,0
759,1400000,6,0,1
750,18200000,8,0,1
373,13600000,10,0,0
407,20500000,10,1,0
611,20200000,14,0,1
783,6300000,10,0,1
651,24000000,18,1,1
760,31100000,16,0,0
793,22700000,16,0,1
685,800000,16,0,1
806,10700000,8,1,1
770,17800000,12,0,1
663,23600000,14,0,1
592,8100000,4,1,1
580,26300000,18,0,1
609,17500000,4,0,1
380,23200000,8,1,0
364,12100000,20,0,0
866,8900000,12,0,1
342,31700000,10,0,0
884,14400000,16,0,1
859,12500000,18,1,1
692,1000000,20,0,1
675,6800000,16,1,1
886,12700000,8,1,1
477,13100000,10,1,0
596,8300000,6,0,1
400,19700000,20,0,0
711,19900000,2,0,1
418,8900000,2,1,0
517,21800000,8,0,0
508,16200000,6,1,0
689,26100000,18,1,1
455,28200000,12,0,0
617,20800000,6,1,1
500,13200000,10,0,0
382,22800000,14,1,0
538,20800000,18,0,0
855,14900000,8,1,1
614,3000000,18,0,1
513,25400000,10,1,0
402,8800000,14,1,0
819,15000000,20,1,1
622,25400000,12,0,1
790,18200000,4,1,1
808,4800000,14,1,1
369,16800000,18,0,0
330,20300000,4,0,1
857,16500000,14,0,1
457,19100000,8,0,0
843,29300000,8,1,1
463,5400000,6,1,0
582,22800000,16,0,1
391,6500000,2,0,0
612,35100000,20,1,1
859,12600000,2,1,1
779,18600000,18,0,1
561,2800000,2,0,1
420,5600000,18,0,0
609,3300000,8,0,1
821,19300000,14,0,1
603,17100000,14,0,1
778,3400000,10,0,1
460,23500000,2,0,1
363,27100000,18,1,0
482,5300000,16,0,0
772,20300000,4,0,1
745,14400000,6,0,1
513,3300000,2,0,0
362,4000000,2,0,1
740,25600000,6,1,1
774,24400000,10,0,1
555,16400000,20,1,1
588,17300000,12,1,1
619,1300000,14,0,1
607,31600000,18,0,1
435,16700000,4,1,0
835,3400000,14,1,1
767,28100000,14,0,1
643,26200000,14,1,1
894,13900000,2,0,1
343,29800000,8,1,0
800,15100000,8,0,1
494,17900000,18,1,0
336,33000000,14,0,0
785,16500000,16,0,1
732,13400000,16,1,1
587,4600000,12,0,1
471,30800000,18,1,0
497,4100000,8,0,0
784,1600000,16,0,1
471,21500000,18,0,0
763,3300000,4,0,1
655,9500000,2,0,1
667,8600000,4,1,1
367,14100000,8,0,0
436,18500000,16,0,0
785,23300000,12,1,1
388,11400000,10,0,0
385,37300000,8,1,0
670,8100000,10,1,1
329,19100000,20,1,0
651,4900000,12,1,1
727,26000000,16,0,1
646,28900000,14,1,1
894,23200000,12,1,1
477,17000000,10,1,0
811,2000000,20,0,1
377,21200000,18,1,0
802,17000000,18,1,1
885,19700000,14,1,1
437,21900000,6,1,0
615,2500000,20,0,1
603,17800000,20,0,1
765,8300000,20,1,1
469,5800000,8,1,0
848,17700000,16,0,1
327,2700000,20,0,0
716,35000000,4,1,1
715,28300000,2,0,1
683,600000,12,0,1
737,9700000,6,1,1
728,27000000,6,0,1
350,30000000,18,0,0
802,5200000,14,1,1
483,1400000,4,1,1
684,21800000,18,1,1
692,16500000,20,1,1
783,31000000,4,0,1
412,4300000,18,1,0
447,30200000,10,0,0
610,8400000,14,0,1
881,1800000,8,1,1
606,10300000,16,1,1
869,2600000,2,1,1
496,1400000,2,1,1
483,9300000,6,1,0
741,22200000,8,0,1
820,13500000,4,0,1
697,9100000,18,0,1
713,500000,20,1,1
754,17000000,6,0,1
837,5100000,14,1,1
691,6500000,2,0,1
436,5300000,12,1,0
322,30100000,8,0,0
333,7500000,2,0,1
455,23000000,14,1,0
787,700000,10,1,1
748,15800000,16,1,1
643,27100000,4,1,1
867,3400000,8,1,1
860,5600000,20,0,1
507,23900000,2,1,1
871,11500000,4,1,1
820,9800000,12,0,1
352,14500000,4,1,0
887,4000000,14,0,1
731,13400000,12,1,1
645,14600000,18,1,1
300,14100000,10,0,0
896,26200000,12,1,1
372,27700000,6,1,0
441,12000000,6,0,0
348,18300000,4,1,0
343,27500000,18,0,0
346,22600000,16,1,0
509,11500000,14,1,0
560,29300000,10,0,1
881,7500000,6,1,1
540,3000000,20,0,0
865,12700000,14,0,1
317,2300000,12,1,0
559,11300000,20,1,1
457,23900000,18,0,0
780,12800000,8,0,1
607,29700000,10,0,1
